FIRST_NAME,LAST_NAME,SPORT,FULL_RESIDENCE,Latitude,Longitude,Accuracy Score,Accuracy Type,Number,Street,Unit Type,Unit Number,City,State,County,Zip,Country,Source
Ben ,Davison,Rowing ,"Iverness , Florida ",28.8447,-82.3631194,0,,,,,,,,,,,
John John,Florence,Surfing,"North Shore, Oahu, Hawaii",21.5991756,-158.2655747,0,,,,,,,,,,,
Tommy ,Paul,Tennis,"Boca Rotan , Florida ",26.3728294,-80.1173655,0,,,,,,,,,,,
Jessica ,Pegula ,Tennis,"Boca Rotan , Florida ",26.3728294,-80.1173655,0,,,,,,,,,,,
Grant ,Koontz,Cycling (Track Cycling),"Tollan , Colorado",39.595212,-105.974117,0.75,place,,,,,Dillon,CO,Summit County,80435,US,TIGER/Line® dataset from the US Census Bureau
Rachel,Tozier,Shooting,"Fort Moore, Georgia",33.58016,-84.326757,0.75,place,,,,,Morrow,GA,Clayton County,30260,US,TIGER/Line® dataset from the US Census Bureau
Ivan,Roe,Shooting,"Fort Moore, Georgia",33.58016,-84.326757,0.75,place,,,,,Morrow,GA,Clayton County,30260,US,TIGER/Line® dataset from the US Census Bureau
Will,Hinton,Shooting,"Fort Moore, Georgia",33.58016,-84.326757,0.75,place,,,,,Morrow,GA,Clayton County,30260,US,TIGER/Line® dataset from the US Census Bureau
Lily ,Williams,Cycling (Track Cycling),"Provence , France ",38.446793,-78.557513,0.8,place,,,,,Furnace,VA,Page County,22827,US,TIGER/Line® dataset from the US Census Bureau
Angelica ,Delgado,Judo ,"Coconut Creek, Florida ",26.399526,-81.839532,0.8,place,,,,,Coconut,FL,Lee County,33923,US,TIGER/Line® dataset from the US Census Bureau
Taylor,Spivey,Triathlon,"Girona, Spain ",45.703006,-97.785936,0.8,place,,,,,Spain,SD,Marshall County,57430,US,TIGER/Line® dataset from the US Census Bureau
Garrett,Muagututia,Volleyball,"Egypt , ",40.680096,-75.529907,0.8,place,,,,,Egypt,PA,Lehigh County,18052,US,TIGER/Line® dataset from the US Census Bureau
Aaron,Russell,Volleyball,"Japan, ",40.992584,-75.910199,0.8,place,,,,,Japan,PA,Luzerne County,18224,US,TIGER/Line® dataset from the US Census Bureau
Jack ,Yonezuka,Judo ,"West Long Beach , New Jersey ",39.685675,-74.144859,0.9,place,,,,,Long Beach,NJ,Ocean County,8008,US,TIGER/Line® dataset from the US Census Bureau
Sammy ,Sullivan,Rugby ,"Glendale , Colorado ",39.704987,-104.933591,0.9,place,,,,,Glendale,CO,Arapahoe County,80246,US,TIGER/Line® dataset from the US Census Bureau
Dania,Vizzi,Shooting,"Odessa, Florida",28.193901,-82.591764,0.9,place,,,,,Odessa,FL,Pasco County,33556,US,TIGER/Line® dataset from the US Census Bureau
Abbey,Weitzeil,Swimming,"Saugus, California",34.411385,-118.540086,0.9,place,,,,,Saugus,CA,Los Angeles County,91350,US,TIGER/Line® dataset from the US Census Bureau
David,Smith,Volleyball,"Saugus, California",34.411385,-118.540086,0.9,place,,,,,Saugus,CA,Los Angeles County,91350,US,TIGER/Line® dataset from the US Census Bureau
Sunny,Choi,Breaking,"Queens , New York ",40.654658,-73.841209,1,county,,,,,,NY,Queens County,,US,US Census Bureau
Max,Holt,Volleyball,"Orange County, California",33.675687,-117.777207,1,county,,,,,,CA,Orange County,,US,US Census Bureau
Annie ,Drews ,Volleyball,"Orange County , California",33.675687,-117.777207,1,county,,,,,,CA,Orange County,,US,US Census Bureau
Brady,Ellison,Archery,"Globe, Arizona",33.566039,-110.757756,1,place,,,,,Globe,AZ,Gila County,85501,US,TIGER/Line® dataset from the US Census Bureau
Casey,Kaufhold,Archery,"Lancaster, Pennsylvania",40.076553,-76.31068,1,place,,,,,Lancaster,PA,Lancaster County,17601,US,TIGER/Line® dataset from the US Census Bureau
Jennifer,Mucino-Fernandez,Archery,"Chula Vista, California ",32.636922,-117.050072,1,place,,,,,Chula Vista,CA,San Diego County,91910,US,TIGER/Line® dataset from the US Census Bureau
Anita,Alvarez,Artistic Swimming,"Los Angeles, California ",33.973951,-118.248405,1,place,,,,,Los Angeles,CA,Los Angeles County,90001,US,TIGER/Line® dataset from the US Census Bureau
Daniella,Ramirez,Artistic Swimming,"Los Angeles, California",33.973951,-118.248405,1,place,,,,,Los Angeles,CA,Los Angeles County,90001,US,TIGER/Line® dataset from the US Census Bureau
Megumi,Field,Artistic Swimming,"Los Angeles, California",33.973951,-118.248405,1,place,,,,,Los Angeles,CA,Los Angeles County,90001,US,TIGER/Line® dataset from the US Census Bureau
Jaime,Czarkowski,Artistic Swimming,"Los Angeles, California",33.973951,-118.248405,1,place,,,,,Los Angeles,CA,Los Angeles County,90001,US,TIGER/Line® dataset from the US Census Bureau
Jacklyn,Luu,Artistic Swimming,"Palo Alto , California",37.444122,-122.149915,1,place,,,,,Palo Alto,CA,Santa Clara County,94301,US,TIGER/Line® dataset from the US Census Bureau
Keana ,Hunter,Artistic Swimming,"Los Angeles, California ",33.973951,-118.248405,1,place,,,,,Los Angeles,CA,Los Angeles County,90001,US,TIGER/Line® dataset from the US Census Bureau
Jennie,Gai,Badminton,"Fremont, California",37.565285,-121.982721,1,place,,,,,Fremont,CA,Alameda County,94536,US,TIGER/Line® dataset from the US Census Bureau
Beiwen,Zhang,Badminton,"Las Vegas, Nevada",36.17372,-115.10647,1,place,,,,,Las Vegas,NV,Clark County,89101,US,TIGER/Line® dataset from the US Census Bureau
Annie ,Xu,Badminton,"San Jose, California",37.346608,-121.909871,1,place,,,,,San Jose,CA,Santa Clara County,95110,US,TIGER/Line® dataset from the US Census Bureau
Kerry ,Xu,Badminton,"San Jose, California",37.346608,-121.909871,1,place,,,,,San Jose,CA,Santa Clara County,95110,US,TIGER/Line® dataset from the US Census Bureau
Vinson ,Chiu,Badminton,"San Jose, California",37.346608,-121.909871,1,place,,,,,San Jose,CA,Santa Clara County,95110,US,TIGER/Line® dataset from the US Census Bureau
Joshua ,Yuan,Badminton,"San Mateo , California",37.573485,-122.32253,1,place,,,,,San Mateo,CA,San Mateo County,94401,US,TIGER/Line® dataset from the US Census Bureau
Howard ,Shu,Badminton,"Los Angeles, California",33.973951,-118.248405,1,place,,,,,Los Angeles,CA,Los Angeles County,90001,US,TIGER/Line® dataset from the US Census Bureau
Canyon,Barry,Basketball 3x3,"Bradenton, Florida",27.404731,-82.470456,1,place,,,,,Bradenton,FL,Manatee County,34201,US,TIGER/Line® dataset from the US Census Bureau
Jimmer,Fredette,Basketball 3x3,"Denver, Colorado",39.760189,-104.996553,1,place,,,,,Denver,CO,Denver County,80202,US,TIGER/Line® dataset from the US Census Bureau
Kareem,Maddox,Basketball 3x3,"Los Angeles, California",33.973951,-118.248405,1,place,,,,,Los Angeles,CA,Los Angeles County,90001,US,TIGER/Line® dataset from the US Census Bureau
Dylan,Travis,Basketball 3x3,"Omaha, Nebraska",41.262003,-95.933564,1,place,,,,,Omaha,NE,Douglas County,68102,US,TIGER/Line® dataset from the US Census Bureau
Cameron,Brink,Basketball 3x3,"Los Angeles, California",33.973951,-118.248405,1,place,,,,,Los Angeles,CA,Los Angeles County,90001,US,TIGER/Line® dataset from the US Census Bureau
Bam,Adebayo,Basketball,"Miami , Florida",25.558428,-80.458168,1,place,,,,,Miami,FL,Miami-Dade County,33234,US,TIGER/Line® dataset from the US Census Bureau
Devin ,Booker,Basketball,"Phoenix , Arizona ",33.703967,-112.351835,1,place,,,,,Phoenix,AZ,Maricopa County,85001,US,TIGER/Line® dataset from the US Census Bureau
Stephen ,Curry ,Basketball,"San Francisco , California",37.776646,-122.417481,1,place,,,,,San Francisco,CA,San Francisco County,94101,US,TIGER/Line® dataset from the US Census Bureau
Anthony ,Davis ,Basketball,"Los Angeles, California",33.973951,-118.248405,1,place,,,,,Los Angeles,CA,Los Angeles County,90001,US,TIGER/Line® dataset from the US Census Bureau
Kevin ,Durant ,Basketball,"Phoenix , Arizona ",33.703967,-112.351835,1,place,,,,,Phoenix,AZ,Maricopa County,85001,US,TIGER/Line® dataset from the US Census Bureau
Anthony ,Edwards ,Basketball,"Minnesota , Minneapolis",44.984577,-93.269097,1,place,,,,,Minneapolis,MN,Hennepin County,55401,US,TIGER/Line® dataset from the US Census Bureau
Joel ,Embiid,Basketball,"Philadelphia , Pennsylvania ",40.001811,-75.11787,1,place,,,,,Philadelphia,PA,Philadelphia County,19101,US,TIGER/Line® dataset from the US Census Bureau
Tyrese,Haliburton,Basketball,"Indianapolis, Indiana ",39.775092,-86.13216,1,place,,,,,Indianapolis,IN,Marion County,46201,US,TIGER/Line® dataset from the US Census Bureau
Jrue ,Holiday ,Basketball,"Boston, Massachusetts",42.354318,-71.073449,1,place,,,,,Boston,MA,Suffolk County,2106,US,TIGER/Line® dataset from the US Census Bureau
LeBron ,James ,Basketball,"Los Angeles, California",33.973951,-118.248405,1,place,,,,,Los Angeles,CA,Los Angeles County,90001,US,TIGER/Line® dataset from the US Census Bureau
Kawhi ,Leonard ,Basketball,"Los Angeles, California",33.973951,-118.248405,1,place,,,,,Los Angeles,CA,Los Angeles County,90001,US,TIGER/Line® dataset from the US Census Bureau
Jayson ,Tatum ,Basketball,"Boston, Massachusetts",42.354318,-71.073449,1,place,,,,,Boston,MA,Suffolk County,2106,US,TIGER/Line® dataset from the US Census Bureau
Napheesa,Collier,Basketball ,"Minneapolis, Minnesota ",44.984577,-93.269097,1,place,,,,,Minneapolis,MN,Hennepin County,55401,US,TIGER/Line® dataset from the US Census Bureau
Kahleah,Cooper ,Basketball ,"Phoenix , Arizona ",33.703967,-112.351835,1,place,,,,,Phoenix,AZ,Maricopa County,85001,US,TIGER/Line® dataset from the US Census Bureau
Chelsea,Gray ,Basketball ,"Las Vegas , Nevada ",36.17372,-115.10647,1,place,,,,,Las Vegas,NV,Clark County,89101,US,TIGER/Line® dataset from the US Census Bureau
Brittney,Griner ,Basketball ,"Phoenix , Arizona ",33.703967,-112.351835,1,place,,,,,Phoenix,AZ,Maricopa County,85001,US,TIGER/Line® dataset from the US Census Bureau
Sabrina,Ionescu,Basketball ,"New York , New York ",40.750422,-73.996328,1,place,,,,,New York,NY,New York County,10001,US,TIGER/Line® dataset from the US Census Bureau
Jewell,Loyd ,Basketball ,"Seattle , Washington ",47.610902,-122.336422,1,place,,,,,Seattle,WA,King County,98101,US,TIGER/Line® dataset from the US Census Bureau
Kelsey ,Plum,Basketball,"Las Vegas , Nevada ",36.17372,-115.10647,1,place,,,,,Las Vegas,NV,Clark County,89101,US,TIGER/Line® dataset from the US Census Bureau
Breanna,Stewart,Basketball,"New York, New York ",40.750422,-73.996328,1,place,,,,,New York,NY,New York County,10001,US,TIGER/Line® dataset from the US Census Bureau
Diana,Taurasi,Basketball,"Phoenix, Arizona",33.703967,-112.351835,1,place,,,,,Phoenix,AZ,Maricopa County,85001,US,TIGER/Line® dataset from the US Census Bureau
Alyssa ,Thomas,Basketball,"Uncasville, Connecticut",41.43454,-72.1098,1,place,,,,,Uncasville,CT,Southeastern Connecticut Planning Region,6382,US,TIGER/Line® dataset from the US Census Bureau
A'ja,Wilson,Basketball,"Las Vegas, Nevada",36.17372,-115.10647,1,place,,,,,Las Vegas,NV,Clark County,89101,US,TIGER/Line® dataset from the US Census Bureau
Jackie ,Young,Basketball,"Las Vegas, Nevada",36.17372,-115.10647,1,place,,,,,Las Vegas,NV,Clark County,89101,US,TIGER/Line® dataset from the US Census Bureau
Kelly,Cheng (nee Claes),Beach Volleyball,"Fullerton, California",33.879768,-117.896341,1,place,,,,,Fullerton,CA,Orange County,92831,US,TIGER/Line® dataset from the US Census Bureau
Miles ,Evans,Beach Volleyball,"Hermosa Beach, California ",33.86224,-118.39952,1,place,,,,,Hermosa Beach,CA,Los Angeles County,90254,US,TIGER/Line® dataset from the US Census Bureau
Jahmal,Harvey,Boxing,"Oxon Hill, Maryland ",38.806809,-76.995859,1,place,,,,,Oxon Hill,MD,Prince George's County,20745,US,TIGER/Line® dataset from the US Census Bureau
Omari,Jones,Boxing,"Orlando, Florida",28.545179,-81.373291,1,place,,,,,Orlando,FL,Orange County,32801,US,TIGER/Line® dataset from the US Census Bureau
Roscoe ,Hill ,Boxing,"Spring, Texas ",30.062169,-95.383966,1,place,,,,,Spring,TX,Harris County,77373,US,TIGER/Line® dataset from the US Census Bureau
Alyssa,Mendoza ,Boxing ,"Caldwell , Idaho ",43.661908,-116.65629,1,place,,,,,Caldwell,ID,Canyon County,83605,US,TIGER/Line® dataset from the US Census Bureau
Jajaria ,Gonzalez,Boxing,"Glendora , California ",34.119363,-117.855059,1,place,,,,,Glendora,CA,Los Angeles County,91740,US,TIGER/Line® dataset from the US Census Bureau
Jennifer,Lozano,Boxing,"Laredo , Texas ",27.515879,-99.494078,1,place,,,,,Laredo,TX,Webb County,78040,US,TIGER/Line® dataset from the US Census Bureau
"Logan ""Logistx""",Edra,Breaking,"San Diego, California ",32.724103,-117.170912,1,place,,,,,San Diego,CA,San Diego County,92101,US,TIGER/Line® dataset from the US Census Bureau
Victor,Montalvo,Breaking,"Los Angeles , California ",33.973951,-118.248405,1,place,,,,,Los Angeles,CA,Los Angeles County,90001,US,TIGER/Line® dataset from the US Census Bureau
Evy ,Leibfarth ,Canoeing,"Charlotte, North Carolina ",35.26002,-80.804151,1,place,,,,,Charlotte,NC,Mecklenburg County,28201,US,TIGER/Line® dataset from the US Census Bureau
Nevin,Harrison,Canoeing,"San Diego, California",32.724103,-117.170912,1,place,,,,,San Diego,CA,San Diego County,92101,US,TIGER/Line® dataset from the US Census Bureau
Aaron ,Small ,Canoeing,"Seattle , Washington ",47.610902,-122.336422,1,place,,,,,Seattle,WA,King County,98101,US,TIGER/Line® dataset from the US Census Bureau
Casey ,Eichfeld ,Canoeing,"Charlotte, North Carolina ",35.26002,-80.804151,1,place,,,,,Charlotte,NC,Mecklenburg County,28201,US,TIGER/Line® dataset from the US Census Bureau
Jonas ,Ecker ,Canoeing,"Seattle , Washington ",47.610902,-122.336422,1,place,,,,,Seattle,WA,King County,98101,US,TIGER/Line® dataset from the US Census Bureau
Alise,Willoughby,Cycling (BMX Racing),"Chula Vista , California ",32.636922,-117.050072,1,place,,,,,Chula Vista,CA,San Diego County,91910,US,TIGER/Line® dataset from the US Census Bureau
Chloe,Dygert,Cycling (Road),"Colorado Springs, Colorado",38.828893,-104.809929,1,place,,,,,Colorado Springs,CO,El Paso County,80903,US,TIGER/Line® dataset from the US Census Bureau
Daleny ,Vaughn ,Cycling (BMX Racing),"Tucson , Arizona ",32.217975,-110.970869,1,place,,,,,Tucson,AZ,Pima County,85701,US,TIGER/Line® dataset from the US Census Bureau
Felicia,Stancil,Cycling (BMX Racing),"Indianapolis, Indiana",39.775092,-86.13216,1,place,,,,,Indianapolis,IN,Marion County,46201,US,TIGER/Line® dataset from the US Census Bureau
Haley,Batten,Cycling (Mountain Bike),"Santa Crus, California",37.052748,-122.111126,1,place,,,,,Santa Cruz,CA,Santa Cruz County,95060,US,TIGER/Line® dataset from the US Census Bureau
Hannah,Roberts,Cycling (BMX Freestyle),"Jacksonville, North Carolina ",34.754586,-77.507427,1,place,,,,,Jacksonville,NC,Onslow County,28540,US,TIGER/Line® dataset from the US Census Bureau
Jennifer,Valente,Cycling (Track Cycling),"Colorado Springs, Colorado",38.828893,-104.809929,1,place,,,,,Colorado Springs,CO,El Paso County,80903,US,TIGER/Line® dataset from the US Census Bureau
Kristen ,Faulkner,Cycling (Track Cycling),"San Francisco , California ",37.776646,-122.417481,1,place,,,,,San Francisco,CA,San Francisco County,94101,US,TIGER/Line® dataset from the US Census Bureau
Perris,Benegas,Cycling (BMX Freestyle),"Fuquay Varina, North Carolina ",35.58432,-78.80001,1,place,,,,,Fuquay-Varina,NC,Wake County,27526,US,TIGER/Line® dataset from the US Census Bureau
Riley,Amos,Cycling (Mountain Bike),"Durango, Colorado",37.318364,-107.880367,1,place,,,,,Durango,CO,La Plata County,81301,US,TIGER/Line® dataset from the US Census Bureau
Savilia ,Blunk,Cycling (Mountain Bike),"Durango, Colorado",37.318364,-107.880367,1,place,,,,,Durango,CO,La Plata County,81301,US,TIGER/Line® dataset from the US Census Bureau
Taylor,Knibb,Cycling (Road),"Boulder, Colorado",40.049468,-105.201421,1,place,,,,,Boulder,CO,Boulder County,80301,US,TIGER/Line® dataset from the US Census Bureau
Olivia ,Cummins,Cycling (Track Cycling),"Grand Junction, Colorado",39.069019,-108.583126,1,place,,,,,Grand Junction,CO,Mesa County,81501,US,TIGER/Line® dataset from the US Census Bureau
Brandon,McNulty,Cycling (Road),"Phoenix, Arizona",33.703967,-112.351835,1,place,,,,,Phoenix,AZ,Maricopa County,85001,US,TIGER/Line® dataset from the US Census Bureau
Cameron ,Wood,Cycling (BMX Racing),"Phoenix, Arizona",33.703967,-112.351835,1,place,,,,,Phoenix,AZ,Maricopa County,85001,US,TIGER/Line® dataset from the US Census Bureau
Christopher,Blevins,Cycling (Mountain Bike),"San Luis Obisp, California ",35.265573,-120.62122,1,place,,,,,San Luis Obispo,CA,San Luis Obispo County,93401,US,TIGER/Line® dataset from the US Census Bureau
Justin,Dowell,Cycling (BMX Freestyle),"Fuquay Varina, North Carolina ",35.58432,-78.80001,1,place,,,,,Fuquay-Varina,NC,Wake County,27526,US,TIGER/Line® dataset from the US Census Bureau
Kamren ,Larsen,Cycling (BMX Racing),"Oldsmar , Florida ",28.050324,-82.677379,1,place,,,,,Oldsmar,FL,Pinellas County,34677,US,TIGER/Line® dataset from the US Census Bureau
Magnus,Sheffield,Cycling (Road),"Andorra , Europe ",42.15363,-90.59235,1,place,,,,,Andrew,IA,Jackson County,52030,US,TIGER/Line® dataset from the US Census Bureau
Marcus,Christopher,Cycling (BMX Freestyle),"Canton, Ohio",40.79979,-81.375811,1,place,,,,,Canton,OH,Stark County,44702,US,TIGER/Line® dataset from the US Census Bureau
Matteo ,Jorgenson,Cycling (Road),"Nice, France",39.12483,-122.85182,1,place,,,,,Nice,CA,Lake County,95464,US,TIGER/Line® dataset from the US Census Bureau
Alison,Gibson,Diving,"Austin, Texas",30.268335,-97.741382,1,place,,,,,Austin,TX,Travis County,78701,US,TIGER/Line® dataset from the US Census Bureau
Delaney,Schnell,Diving,"Tucson, Arizona",32.217975,-110.970869,1,place,,,,,Tucson,AZ,Pima County,85701,US,TIGER/Line® dataset from the US Census Bureau
Kassidy ,Cook ,Diving,"Minneapolis, Minnestoa ",44.984577,-93.269097,1,place,,,,,Minneapolis,MN,Hennepin County,55401,US,TIGER/Line® dataset from the US Census Bureau
Jessica,Parratto,Diving,"Bloomington, Indiana",39.07881,-86.435094,1,place,,,,,Bloomington,IN,Monroe County,47401,US,TIGER/Line® dataset from the US Census Bureau
Sarah,Bacon,Diving,"Minneapolis, Minnestoa ",44.984577,-93.269097,1,place,,,,,Minneapolis,MN,Hennepin County,55401,US,TIGER/Line® dataset from the US Census Bureau
Andrew,Capobianco,Diving,"Bloomington , Indiana ",39.07881,-86.435094,1,place,,,,,Bloomington,IN,Monroe County,47401,US,TIGER/Line® dataset from the US Census Bureau
Carson,Tyler,Diving,"Bloomington , Indiana ",39.07881,-86.435094,1,place,,,,,Bloomington,IN,Monroe County,47401,US,TIGER/Line® dataset from the US Census Bureau
Greg,Duncan,Diving,"West Lafayette , Indiana",40.467303,-86.928132,1,place,,,,,West Lafayette,IN,Tippecanoe County,47906,US,TIGER/Line® dataset from the US Census Bureau
Tyler,Downs,Diving,"Ballwin, Missouri",38.609102,-90.559763,1,place,,,,,Ballwin,MO,St. Louis County,63011,US,TIGER/Line® dataset from the US Census Bureau
Boyd,Martin,Equestrian (Eventing),"Cochranville, Pennslyvania ",39.916517,-75.925805,1,place,,,,,Cochranville,PA,Chester County,19330,US,TIGER/Line® dataset from the US Census Bureau
Will ,Coleman,Equestrian (Eventing),"Ocala , Florida ",29.198907,-82.087425,1,place,,,,,Ocala,FL,Marion County,34470,US,TIGER/Line® dataset from the US Census Bureau
Lee,Kiefer,Fencing,"Lexington, Kentucky",38.016674,-84.486043,1,place,,,,,Lexington,KY,Fayette County,40502,US,TIGER/Line® dataset from the US Census Bureau
Anne,Cebula,Fencing,"New York, New York",40.750422,-73.996328,1,place,,,,,New York,NY,New York County,10001,US,TIGER/Line® dataset from the US Census Bureau
Margherita,Guzzi Vincenti,Fencing,"Hartland , Wisconsin",43.123679,-88.336087,1,place,,,,,Hartland,WI,Waukesha County,53029,US,TIGER/Line® dataset from the US Census Bureau
Eli,Dershwitz,Fencing,"Sherborn, Massachusetts",42.23899,-71.36978,1,place,,,,,Sherborn,MA,Middlesex County,1770,US,TIGER/Line® dataset from the US Census Bureau
Nick,Itkin,Fencing,"South Bend, Indiana",41.673383,-86.251654,1,place,,,,,South Bend,IN,St. Joseph County,46601,US,TIGER/Line® dataset from the US Census Bureau
Alexander,Massialas,Fencing,"San Francisco, California",37.776646,-122.417481,1,place,,,,,San Francisco,CA,San Francisco County,94101,US,TIGER/Line® dataset from the US Census Bureau
Jackie,Dubrovich,Fencing,"Maplewood, New Jersey",40.7291,-74.266541,1,place,,,,,Maplewood,NJ,Essex County,7040,US,TIGER/Line® dataset from the US Census Bureau
Lauren,Scruggs,Fencing,"Cambridge, Massachusetts",42.380442,-71.132947,1,place,,,,,Cambridge,MA,Middlesex County,2138,US,TIGER/Line® dataset from the US Census Bureau
Tatiana,Nazlymov,Fencing,"Princeton, New Jersey",40.343625,-74.693953,1,place,,,,,Princeton,NJ,Mercer County,8540,US,TIGER/Line® dataset from the US Census Bureau
Magda,Skarbonkiewicz,Fencing,"Portland, Oregon",45.507856,-122.690794,1,place,,,,,Portland,OR,Multnomah County,97201,US,TIGER/Line® dataset from the US Census Bureau
Gerek,Meinhardt,Fencing,"Lexington, Kentucky",38.016674,-84.486043,1,place,,,,,Lexington,KY,Fayette County,40502,US,TIGER/Line® dataset from the US Census Bureau
Kat,Holmes ,Fencing,"New York , New York ",40.750422,-73.996328,1,place,,,,,New York,NY,New York County,10001,US,TIGER/Line® dataset from the US Census Bureau
Maia ,Weintraub ,Fencing ,"New York , New York ",40.750422,-73.996328,1,place,,,,,New York,NY,New York County,10001,US,TIGER/Line® dataset from the US Census Bureau
Miles ,Chamley-Watson,Fencing ,"University Park , Pennsylvania ",40.799672,-77.862339,1,place,,,,,University Park,PA,Centre County,16802,US,TIGER/Line® dataset from the US Census Bureau
Filip ,Dolegiewicz,Fencing ,"Boston , Massachusetts ",42.354318,-71.073449,1,place,,,,,Boston,MA,Suffolk County,2106,US,TIGER/Line® dataset from the US Census Bureau
Kelsey ,Bing,Field Hockey,"Santa Clara , California ",37.351158,-121.952295,1,place,,,,,Santa Clara,CA,Santa Clara County,95050,US,TIGER/Line® dataset from the US Census Bureau
Leah ,Crouse ,Field Hockey,"Spring City , Pennsylvania ",40.17677,-75.54769,1,place,,,,,Spring City,PA,Chester County,19475,US,TIGER/Line® dataset from the US Census Bureau
Brooke ,DeBerdine,Field Hockey,"Spring City , Pennsylvania ",40.17677,-75.54769,1,place,,,,,Spring City,PA,Chester County,19475,US,TIGER/Line® dataset from the US Census Bureau
Emma ,DeBerdine,Field Hockey,"Spring City , Pennsylvania ",40.17677,-75.54769,1,place,,,,,Spring City,PA,Chester County,19475,US,TIGER/Line® dataset from the US Census Bureau
Phia ,Gladieux,Field Hockey,"Conshohocken, Pennsylvania ",40.082509,-75.304377,1,place,,,,,Conshohocken,PA,Montgomery County,19428,US,TIGER/Line® dataset from the US Census Bureau
Amanda ,Golini,Field Hockey,"Conshohocken, Pennsylvania ",40.082509,-75.304377,1,place,,,,,Conshohocken,PA,Montgomery County,19428,US,TIGER/Line® dataset from the US Census Bureau
Ally ,Hammel,Field Hockey,"Duxbury , Massachusetts ",41.970474,-70.701357,1,place,,,,,Duxbury,MA,Plymouth County,2331,US,TIGER/Line® dataset from the US Census Bureau
Ashley ,Hoffman,Field Hockey,"Conshohocken, Pennsylvania ",40.082509,-75.304377,1,place,,,,,Conshohocken,PA,Montgomery County,19428,US,TIGER/Line® dataset from the US Census Bureau
Karlie ,Kisha,Field Hockey,"Villanova , Pennsylvania ",40.027909,-75.369458,1,place,,,,,Villanova,PA,Delaware County,19085,US,TIGER/Line® dataset from the US Census Bureau
Kelee,Lepage,Field Hockey,"Charlotte, North Carolina ",35.26002,-80.804151,1,place,,,,,Charlotte,NC,Mecklenburg County,28201,US,TIGER/Line® dataset from the US Census Bureau
Ashley ,Sessa,Field Hockey,"Evanston , Illinois",42.049148,-87.702155,1,place,,,,,Evanston,IL,Cook County,60201,US,TIGER/Line® dataset from the US Census Bureau
Meredith ,Sholder,Field Hockey,"Chapel Hill , North Carolina ",36.004647,-79.054475,1,place,,,,,Chapel Hill,NC,Orange County,27514,US,TIGER/Line® dataset from the US Census Bureau
Abby ,Tamer,Field Hockey,"Ann Arbor , Michigan ",42.266638,-83.849042,1,place,,,,,Ann Arbor,MI,Washtenaw County,48103,US,TIGER/Line® dataset from the US Census Bureau
Megan ,Valzonis,Field Hockey,"Berkeley , California ",37.864425,-122.28713,1,place,,,,,Berkeley,CA,Alameda County,94702,US,TIGER/Line® dataset from the US Census Bureau
Beth ,Yeager,Field Hockey,"Princeton , New Jersey",40.343625,-74.693953,1,place,,,,,Princeton,NJ,Mercer County,8540,US,TIGER/Line® dataset from the US Census Bureau
Maddie ,Zimmer,Field Hockey,"Evanston , Illinois",42.049148,-87.702155,1,place,,,,,Evanston,IL,Cook County,60201,US,TIGER/Line® dataset from the US Census Bureau
Nelly,Korda,Golf,"Bradenton, Florida",27.404731,-82.470456,1,place,,,,,Bradenton,FL,Manatee County,34201,US,TIGER/Line® dataset from the US Census Bureau
Lilia,Vu,Golf,"Fountain Valley , California ",33.710582,-117.951129,1,place,,,,,Fountain Valley,CA,Orange County,92708,US,TIGER/Line® dataset from the US Census Bureau
Rose,Zhang,Golf,"Stanford , California ",37.42509,-122.1675,1,place,,,,,Stanford,CA,Santa Clara County,94305,US,TIGER/Line® dataset from the US Census Bureau
Collin ,Morikawa,Golf,"Las Vegas, Nevada",36.17372,-115.10647,1,place,,,,,Las Vegas,NV,Clark County,89101,US,TIGER/Line® dataset from the US Census Bureau
Scottie ,Scheffler ,Golf ,"Dallas , Texas",32.781179,-96.790329,1,place,,,,,Dallas,TX,Dallas County,75201,US,TIGER/Line® dataset from the US Census Bureau
Wyndham,Clark,Golf,"Scottsdale , Arizona",33.534451,-111.887354,1,place,,,,,Scottsdale,AZ,Maricopa County,85250,US,TIGER/Line® dataset from the US Census Bureau
Xander,Schauffele,Golf,"Jupiter , Florida ",26.936558,-80.131851,1,place,,,,,Jupiter,FL,Palm Beach County,33458,US,TIGER/Line® dataset from the US Census Bureau
Evita,Griskenas,Rhythmic Gymnastics,"New York, New York",40.750422,-73.996328,1,place,,,,,New York,NY,New York County,10001,US,TIGER/Line® dataset from the US Census Bureau
Kara,Kohler,Rowing,"Austin, Texas",30.268335,-97.741382,1,place,,,,,Austin,TX,Travis County,78701,US,TIGER/Line® dataset from the US Census Bureau
William,Bender,Rowing,"Norwich , Vermont",43.717918,-72.3612,1,place,,,,,Norwich,VT,Windsor County,5055,US,TIGER/Line® dataset from the US Census Bureau
Charlotte ,Buck,Rowing,"Princeton, New Jersey",40.343625,-74.693953,1,place,,,,,Princeton,NJ,Mercer County,8540,US,TIGER/Line® dataset from the US Census Bureau
Molly,Bruggeman,Rowing,"Princeton, New Jersey",40.343625,-74.693953,1,place,,,,,Princeton,NJ,Mercer County,8540,US,TIGER/Line® dataset from the US Census Bureau
Nina,Casatagna,Rowing,"Princeton, New Jersey",40.343625,-74.693953,1,place,,,,,Princeton,NJ,Mercer County,8540,US,TIGER/Line® dataset from the US Census Bureau
Olivia,Coffey,Rowing,"Princeton, New Jersey",40.343625,-74.693953,1,place,,,,,Princeton,NJ,Mercer County,8540,US,TIGER/Line® dataset from the US Census Bureau
Claire,Collins,Rowing,"Princeton, New Jersey",40.343625,-74.693953,1,place,,,,,Princeton,NJ,Mercer County,8540,US,TIGER/Line® dataset from the US Census Bureau
Emily,Kallfelz,Rowing,"Jamestown, Rhode Island",41.51412,-71.377247,1,place,,,,,Jamestown,RI,Newport County,2835,US,TIGER/Line® dataset from the US Census Bureau
Kaitlin,Knifton,Rowing,"Austin, Texas",30.268335,-97.741382,1,place,,,,,Austin,TX,Travis County,78701,US,TIGER/Line® dataset from the US Census Bureau
Meghan,Musnicki,Rowing,"San Francisco, California",37.776646,-122.417481,1,place,,,,,San Francisco,CA,San Francisco County,94101,US,TIGER/Line® dataset from the US Census Bureau
Molly,Reckford,Rowing,"Menlo Park , California",37.439616,-122.186373,1,place,,,,,Menlo Park,CA,San Mateo County,94025,US,TIGER/Line® dataset from the US Census Bureau
Regina,Salmons,Rowing,"Princeton, New Jersey",40.343625,-74.693953,1,place,,,,,Princeton,NJ,Mercer County,8540,US,TIGER/Line® dataset from the US Census Bureau
Michelle,Sechser ,Rowing,"Portsmouth, New Hampshire",43.074812,-70.805443,1,place,,,,,Portsmouth,NH,Rockingham County,3801,US,TIGER/Line® dataset from the US Census Bureau
Kristi,Wagner,Rowing,"Saratoga Springs, New York",43.08313,-73.78457,1,place,,,,,Saratoga Springs,NY,Saratoga County,12866,US,TIGER/Line® dataset from the US Census Bureau
Madeleine ,Wanamaker,Rowing,"Princeton, New Jersey",40.343625,-74.693953,1,place,,,,,Princeton,NJ,Mercer County,8540,US,TIGER/Line® dataset from the US Census Bureau
Justin,Best,Rowing,"Oakland, California",37.786027,-122.223779,1,place,,,,,Oakland,CA,Alameda County,94601,US,TIGER/Line® dataset from the US Census Bureau
Liam,Corrigan,Rowing,"San Francisco, California",37.776646,-122.417481,1,place,,,,,San Francisco,CA,San Francisco County,94101,US,TIGER/Line® dataset from the US Census Bureau
Michael,Grady,Rowing,"Oakland, California",37.786027,-122.223779,1,place,,,,,Oakland,CA,Alameda County,94601,US,TIGER/Line® dataset from the US Census Bureau
Nick,Mead,Rowing,"New York, New York",40.750422,-73.996328,1,place,,,,,New York,NY,New York County,10001,US,TIGER/Line® dataset from the US Census Bureau
Jacob ,Plihal,Rowing ,"Seattle, Washington",47.610902,-122.336422,1,place,,,,,Seattle,WA,King County,98101,US,TIGER/Line® dataset from the US Census Bureau
Sorin,Koszyk,Rowing ,"Oakland , California",37.786027,-122.223779,1,place,,,,,Oakland,CA,Alameda County,94601,US,TIGER/Line® dataset from the US Census Bureau
Clark ,Dean,Rowing ,"Oakland, California",37.786027,-122.223779,1,place,,,,,Oakland,CA,Alameda County,94601,US,TIGER/Line® dataset from the US Census Bureau
Pieter,Quinton,Rowing ,"Oakland, California",37.786027,-122.223779,1,place,,,,,Oakland,CA,Alameda County,94601,US,TIGER/Line® dataset from the US Census Bureau
Jessia ,Thoennes,Rowing ,"Denver , Colorado",39.760189,-104.996553,1,place,,,,,Denver,CO,Denver County,80202,US,TIGER/Line® dataset from the US Census Bureau
Kayla ,Canett,Rugby ,"Los Angeles , California ",33.973951,-118.248405,1,place,,,,,Los Angeles,CA,Los Angeles County,90001,US,TIGER/Line® dataset from the US Census Bureau
Lauren ,Doyle,Rugby ,"Chicago , Illinois ",41.88531,-87.62213,1,place,,,,,Chicago,IL,Cook County,60601,US,TIGER/Line® dataset from the US Census Bureau
Alev ,Kelter,Rugby ,"Los Angeles , California",33.973951,-118.248405,1,place,,,,,Los Angeles,CA,Los Angeles County,90001,US,TIGER/Line® dataset from the US Census Bureau
Sarah,Levy,Rugby ,"New York, New York ",40.750422,-73.996328,1,place,,,,,New York,NY,New York County,10001,US,TIGER/Line® dataset from the US Census Bureau
Ilona ,Maher,Rugby ,"Los Angeles , California",33.973951,-118.248405,1,place,,,,,Los Angeles,CA,Los Angeles County,90001,US,TIGER/Line® dataset from the US Census Bureau
Alena ,Olsen,Rugby ,"Los Angeles , California ",33.973951,-118.248405,1,place,,,,,Los Angeles,CA,Los Angeles County,90001,US,TIGER/Line® dataset from the US Census Bureau
Ariana,Ramsey,Rugby ,"Philadelphia , Pennsylvania ",40.001811,-75.11787,1,place,,,,,Philadelphia,PA,Philadelphia County,19101,US,TIGER/Line® dataset from the US Census Bureau
Steph ,Rovetti,Rugby ,"San Diego, California",32.724103,-117.170912,1,place,,,,,San Diego,CA,San Diego County,92101,US,TIGER/Line® dataset from the US Census Bureau
Spiff ,Sedrick,Rugby ,"Los Angeles , California ",33.973951,-118.248405,1,place,,,,,Los Angeles,CA,Los Angeles County,90001,US,TIGER/Line® dataset from the US Census Bureau
Naya,Tapper,Rugby,"San Diego, California",32.724103,-117.170912,1,place,,,,,San Diego,CA,San Diego County,92101,US,TIGER/Line® dataset from the US Census Bureau
Daniela,Moroz,Sailing,"San Francisco, California",37.776646,-122.417481,1,place,,,,,San Francisco,CA,San Francisco County,94101,US,TIGER/Line® dataset from the US Census Bureau
Lara,Dallman-Weiss,Sailing,"Miami, Florida",25.558428,-80.458168,1,place,,,,,Miami,FL,Miami-Dade County,33234,US,TIGER/Line® dataset from the US Census Bureau
Erika,Reineke,Sailing,"Fort Lauderdale, Florida",26.121323,-80.127909,1,place,,,,,Fort Lauderdale,FL,Broward County,33301,US,TIGER/Line® dataset from the US Census Bureau
Dominique,Stater,Sailing,"Miami, Florida",25.558428,-80.458168,1,place,,,,,Miami,FL,Miami-Dade County,33234,US,TIGER/Line® dataset from the US Census Bureau
Stephanie,Roble,Sailing,"Miami, Florida",25.558428,-80.458168,1,place,,,,,Miami,FL,Miami-Dade County,33234,US,TIGER/Line® dataset from the US Census Bureau
Maggie,Shea,Sailing,"Chicago , Illinois",41.88531,-87.62213,1,place,,,,,Chicago,IL,Cook County,60601,US,TIGER/Line® dataset from the US Census Bureau
Sarah,Newberry Moore,Sailing,"Miami, Florida",25.558428,-80.458168,1,place,,,,,Miami,FL,Miami-Dade County,33234,US,TIGER/Line® dataset from the US Census Bureau
Stu,McNay,Sailing,"Providence , Rhode Island",41.81835,-71.424851,1,place,,,,,Providence,RI,Providence County,2902,US,TIGER/Line® dataset from the US Census Bureau
Hans,Henken,Sailing,"San Francisco, California",37.776646,-122.417481,1,place,,,,,San Francisco,CA,San Francisco County,94101,US,TIGER/Line® dataset from the US Census Bureau
Ian,Barrows,Sailing,"St. Thomas, U.S. Virgin Islands",18.342908,-64.9189,1,place,,,,,Saint Thomas,VI,St. Thomas Island,805,US,TIGER/Line® dataset from the US Census Bureau
Noah,Lyons,Sailing,"Clearwater , Florida",27.978147,-82.781523,1,place,,,,,Clearwater,FL,Pinellas County,33755,US,TIGER/Line® dataset from the US Census Bureau
Markus,Edegran,Sailing,"Clearwater , Florida",27.978147,-82.781523,1,place,,,,,Clearwater,FL,Pinellas County,33755,US,TIGER/Line® dataset from the US Census Bureau
David,Liebenberg,Sailing,"Miami, Florida",25.558428,-80.458168,1,place,,,,,Miami,FL,Miami-Dade County,33234,US,TIGER/Line® dataset from the US Census Bureau
Katelyn,Abeln,Shooting,"Douglasville , Georgia",33.759543,-84.777337,1,place,,,,,Douglasville,GA,Douglas County,30134,US,TIGER/Line® dataset from the US Census Bureau
Alexis ,Lagan,Shooting ,"Boulder City, Nevada",36.020563,-114.82952,1,place,,,,,Boulder City,NV,Clark County,89005,US,TIGER/Line® dataset from the US Census Bureau
Sagen,Maddalena,Shooting,"Fort Benning, Georgia",32.392337,-84.931457,1,place,,,,,Fort Benning,GA,Muscogee County,31905,US,TIGER/Line® dataset from the US Census Bureau
Mary,Tucker,Shooting,"Sarasota, Florida",27.335023,-82.537169,1,place,,,,,Sarasota,FL,Sarasota County,34230,US,TIGER/Line® dataset from the US Census Bureau
Ryann,Phillips,Shooting,"Corpus Christi, Texas",27.797802,-97.399067,1,place,,,,,Corpus Christi,TX,Nueces County,78401,US,TIGER/Line® dataset from the US Census Bureau
Austen ,Smith,Shooting,"Keller, Texas",32.928037,-97.283914,1,place,,,,,Keller,TX,Tarrant County,76244,US,TIGER/Line® dataset from the US Census Bureau
Ada,Khorkin ,Shooting ,"Brookline , Massachusetts ",42.308198,-71.088745,1,place,,,,,Brookline,MA,Suffolk County,2146,US,TIGER/Line® dataset from the US Census Bureau
Vincent,Hancock,Shooting,"Fort Worth, Texas",32.771419,-97.291484,1,place,,,,,Fort Worth,TX,Tarrant County,76101,US,TIGER/Line® dataset from the US Census Bureau
Derrick,Mein,Shooting,"Marengo, Ohio",40.406317,-82.782091,1,place,,,,,Marengo,OH,Morrow County,43334,US,TIGER/Line® dataset from the US Census Bureau
Conner,Prince,Shooting,"Burleson, Texas",32.492683,-97.264359,1,place,,,,,Burleson,TX,Johnson County,76028,US,TIGER/Line® dataset from the US Census Bureau
Keith,Sanderson,Shooting,"Seattle, Washington",47.610902,-122.336422,1,place,,,,,Seattle,WA,King County,98101,US,TIGER/Line® dataset from the US Census Bureau
Henry ,Leverett ,Shooting ,"Vienna , Austria ",38.897361,-77.253749,1,place,,,,,Vienna,VA,Fairfax County,22180,US,TIGER/Line® dataset from the US Census Bureau
Chris,Joslin,Skateboarding,"Hawaiian Gardens, California",33.830967,-118.072796,1,place,,,,,Hawaiian Gardens,CA,Los Angeles County,90716,US,TIGER/Line® dataset from the US Census Bureau
Gavin ,Bottger,Skateboarding,"Oceanside , California",33.195534,-117.354538,1,place,,,,,Oceanside,CA,San Diego County,92054,US,TIGER/Line® dataset from the US Census Bureau
Jagger,Eaton,Skateboarding,"Los Angeles, California",33.973951,-118.248405,1,place,,,,,Los Angeles,CA,Los Angeles County,90001,US,TIGER/Line® dataset from the US Census Bureau
Nyjah,Huston,Skateboarding,"Laguna Beach, California",33.520941,-117.741315,1,place,,,,,Laguna Beach,CA,Orange County,92651,US,TIGER/Line® dataset from the US Census Bureau
Tate ,Carew,Skateboarding,"San Diego , California",32.724103,-117.170912,1,place,,,,,San Diego,CA,San Diego County,92101,US,TIGER/Line® dataset from the US Census Bureau
Tom,Schaar,Skateboarding,"San Diego , California",32.724103,-117.170912,1,place,,,,,San Diego,CA,San Diego County,92101,US,TIGER/Line® dataset from the US Census Bureau
Bryce,Wettstein,Skateboarding,"Encinitas, California",33.016928,-116.846046,1,place,,,,,Encinitas,CA,San Diego County,92023,US,TIGER/Line® dataset from the US Census Bureau
Mariah,Duran,Skateboarding,"Albuquerque, New Mexico",35.199592,-106.644831,1,place,,,,,Albuquerque,NM,Sandoval County,87101,US,TIGER/Line® dataset from the US Census Bureau
Minna ,Stess,Skateboarding,"Petaluma, California",38.265366,-122.822588,1,place,,,,,Petaluma,CA,Sonoma County,94952,US,TIGER/Line® dataset from the US Census Bureau
Paige ,Heyn,Skateboarding,"Tempe, Arizona ",33.401395,-111.931298,1,place,,,,,Tempe,AZ,Maricopa County,85280,US,TIGER/Line® dataset from the US Census Bureau
Poe ,Pinson,Skateboarding,"Fernandina Beach , Florida ",30.609692,-81.49172,1,place,,,,,Fernandina Beach,FL,Nassau County,32034,US,TIGER/Line® dataset from the US Census Bureau
Ruby,Lilley,Skateboarding,"Oceanside , California ",33.195534,-117.354538,1,place,,,,,Oceanside,CA,San Diego County,92054,US,TIGER/Line® dataset from the US Census Bureau
Brooke,Raboutou,Sport Climbing,"Boulder, Colorado",40.049468,-105.201421,1,place,,,,,Boulder,CO,Boulder County,80301,US,TIGER/Line® dataset from the US Census Bureau
Emma ,Hunt,Sport Climbing,"Woodstock, Georgia",34.127398,-84.481787,1,place,,,,,Woodstock,GA,Cherokee County,30188,US,TIGER/Line® dataset from the US Census Bureau
Natalia,Grossman,Sport Climbing,"Salt Lake City, Utah",40.756095,-111.900719,1,place,,,,,Salt Lake City,UT,Salt Lake County,84101,US,TIGER/Line® dataset from the US Census Bureau
Piper,Kelly,Sport Climbing,"Salt Lake City, Utah",40.756095,-111.900719,1,place,,,,,Salt Lake City,UT,Salt Lake County,84101,US,TIGER/Line® dataset from the US Census Bureau
Jesse,Grupper,Sport Climbing,"Salt Lake City, Utah",40.756095,-111.900719,1,place,,,,,Salt Lake City,UT,Salt Lake County,84101,US,TIGER/Line® dataset from the US Census Bureau
Samuel,Watson,Sport Climbing,"Dallas, Texas",32.781179,-96.790329,1,place,,,,,Dallas,TX,Dallas County,75201,US,TIGER/Line® dataset from the US Census Bureau
Zach ,Hammer,Sport Climbing,"Ann Arbor, Michigan",42.266638,-83.849042,1,place,,,,,Ann Arbor,MI,Washtenaw County,48103,US,TIGER/Line® dataset from the US Census Bureau
Griffin,Colapinto,Surfing,"San Clemente, California",33.42362,-117.606843,1,place,,,,,San Clemente,CA,Orange County,92672,US,TIGER/Line® dataset from the US Census Bureau
Caitlin,Simmers,Surfing,"Oceanside, California",33.195534,-117.354538,1,place,,,,,Oceanside,CA,San Diego County,92054,US,TIGER/Line® dataset from the US Census Bureau
Carissa,Moore,Surfing,"Honolulu, Hawaii",21.316548,-157.845053,1,place,,,,,Honolulu,HI,Honolulu County,96813,US,TIGER/Line® dataset from the US Census Bureau
Caroline,Marks,Surfing,"San Clemente, California ",33.42362,-117.606843,1,place,,,,,San Clemente,CA,Orange County,92672,US,TIGER/Line® dataset from the US Census Bureau
Aaron,Shackell,Swimming,"Carmel, Indiana",39.962604,-86.174761,1,place,,,,,Carmel,IN,Hamilton County,46032,US,TIGER/Line® dataset from the US Census Bureau
Blake,Pieroni,Swimming,"Bloomington, Indiana",39.07881,-86.435094,1,place,,,,,Bloomington,IN,Monroe County,47401,US,TIGER/Line® dataset from the US Census Bureau
Bobby,Finke,Swimming,"Clearwater, Florida",27.978147,-82.781523,1,place,,,,,Clearwater,FL,Pinellas County,33755,US,TIGER/Line® dataset from the US Census Bureau
Brooks,Curry,Swimming,"Berkeley , California ",37.864425,-122.28713,1,place,,,,,Berkeley,CA,Alameda County,94702,US,TIGER/Line® dataset from the US Census Bureau
Caeleb,Dressel,Swimming,"Micanopy, Florida",29.50469,-82.27982,1,place,,,,,Micanopy,FL,Alachua County,32667,US,TIGER/Line® dataset from the US Census Bureau
Carson,Foster,Swimming,"Austin, Texas",30.268335,-97.741382,1,place,,,,,Austin,TX,Travis County,78701,US,TIGER/Line® dataset from the US Census Bureau
Charlie ,Swanson,Swimming,"Ann Arbor, Michigan ",42.266638,-83.849042,1,place,,,,,Ann Arbor,MI,Washtenaw County,48103,US,TIGER/Line® dataset from the US Census Bureau
Chase,Kalisz,Swimming,"Los Angeles , California ",33.973951,-118.248405,1,place,,,,,Los Angeles,CA,Los Angeles County,90001,US,TIGER/Line® dataset from the US Census Bureau
Chris,Guiliano,Swimming,"Chicago , Illinois ",41.88531,-87.62213,1,place,,,,,Chicago,IL,Cook County,60601,US,TIGER/Line® dataset from the US Census Bureau
Drew,Kibler,Swimming,"Scottsdale , Arizona ",33.534451,-111.887354,1,place,,,,,Scottsdale,AZ,Maricopa County,85250,US,TIGER/Line® dataset from the US Census Bureau
Hunter,Armstrong,Swimming,"Dover, Ohio",40.52062,-81.47401,1,place,,,,,Dover,OH,Tuscarawas County,44622,US,TIGER/Line® dataset from the US Census Bureau
Jack,Alexy,Swimming,"Berkeley, California ",37.864425,-122.28713,1,place,,,,,Berkeley,CA,Alameda County,94702,US,TIGER/Line® dataset from the US Census Bureau
Josh,Matheny,Swimming,"Bloomington , Indiana",39.07881,-86.435094,1,place,,,,,Bloomington,IN,Monroe County,47401,US,TIGER/Line® dataset from the US Census Bureau
Keaton,Jones,Swimming,"Berkeley, California ",37.864425,-122.28713,1,place,,,,,Berkeley,CA,Alameda County,94702,US,TIGER/Line® dataset from the US Census Bureau
Kieran,Smith,Swimming,"Gainesville, Florida",29.648993,-82.324515,1,place,,,,,Gainesville,FL,Alachua County,32601,US,TIGER/Line® dataset from the US Census Bureau
Luca ,Urlando,Swimming,"Sacramento , California ",38.377411,-121.444429,1,place,,,,,Sacramento,CA,Sacramento County,94240,US,TIGER/Line® dataset from the US Census Bureau
Luke,Hobson,Swimming,"Austin, Texas",30.268335,-97.741382,1,place,,,,,Austin,TX,Travis County,78701,US,TIGER/Line® dataset from the US Census Bureau
Luke ,Whitlock,Swimming,"Fishers, Indiana",39.95559,-86.01387,1,place,,,,,Fishers,IN,Hamilton County,46038,US,TIGER/Line® dataset from the US Census Bureau
Matt,Fallon,Swimming,"Philadelphia , Pennsylvania",40.001811,-75.11787,1,place,,,,,Philadelphia,PA,Philadelphia County,19101,US,TIGER/Line® dataset from the US Census Bureau
Nic,Fink,Swimming,"Athens, Georgia",33.992902,-83.353697,1,place,,,,,Athens,GA,Clarke County,30601,US,TIGER/Line® dataset from the US Census Bureau
Ryan,Murphy,Swimming,"Berkeley, California ",37.864425,-122.28713,1,place,,,,,Berkeley,CA,Alameda County,94702,US,TIGER/Line® dataset from the US Census Bureau
Thomas,Heilman,Swimming,"Charlottesville , Virginia",38.026588,-78.48045,1,place,,,,,Charlottesville,VA,Charlottesville City,22902,US,TIGER/Line® dataset from the US Census Bureau
Alex,Shackell,Swimming,"Carmel, Indiana",39.962604,-86.174761,1,place,,,,,Carmel,IN,Hamilton County,46032,US,TIGER/Line® dataset from the US Census Bureau
Alex ,Walsh,Swimming,"Charlottesville, Virginia",38.026588,-78.48045,1,place,,,,,Charlottesville,VA,Charlottesville City,22902,US,TIGER/Line® dataset from the US Census Bureau
Claire,Weinstein,Swimming,"Las Vegas, Nevada",36.17372,-115.10647,1,place,,,,,Las Vegas,NV,Clark County,89101,US,TIGER/Line® dataset from the US Census Bureau
Emma,Weber ,Swimming,"Charlottesville , Virginia",38.026588,-78.48045,1,place,,,,,Charlottesville,VA,Charlottesville City,22902,US,TIGER/Line® dataset from the US Census Bureau
Emma,Weyant,Swimming,"Gainesville, Florida",29.648993,-82.324515,1,place,,,,,Gainesville,FL,Alachua County,32601,US,TIGER/Line® dataset from the US Census Bureau
Erika,Connolly (formerly Brown),Swimming,"Knoxville, Tennessee",36.032334,-83.884804,1,place,,,,,Knoxville,TN,Knox County,37901,US,TIGER/Line® dataset from the US Census Bureau
Erin,Gemmell,Swimming,"Austin, Texas",30.268335,-97.741382,1,place,,,,,Austin,TX,Travis County,78701,US,TIGER/Line® dataset from the US Census Bureau
Gretchen,Walsh,Swimming,"Charlottesville , Virginia",38.026588,-78.48045,1,place,,,,,Charlottesville,VA,Charlottesville City,22902,US,TIGER/Line® dataset from the US Census Bureau
Kate,Douglass,Swimming,"Pelham, New York",40.904538,-73.806277,1,place,,,,,Pelham,NY,Westchester County,10803,US,TIGER/Line® dataset from the US Census Bureau
Katharine,Berkoff,Swimming,"Missoula, Montana",46.856398,-114.014338,1,place,,,,,Missoula,MT,Missoula County,59801,US,TIGER/Line® dataset from the US Census Bureau
Katie,Grimes,Swimming,"Las Vegas, Nevada",36.17372,-115.10647,1,place,,,,,Las Vegas,NV,Clark County,89101,US,TIGER/Line® dataset from the US Census Bureau
Katie,Ledecky,Swimming,"Gainesville, Florida ",29.648993,-82.324515,1,place,,,,,Gainesville,FL,Alachua County,32601,US,TIGER/Line® dataset from the US Census Bureau
Lilly,King,Swimming,"Bloomington, Indiana",39.07881,-86.435094,1,place,,,,,Bloomington,IN,Monroe County,47401,US,TIGER/Line® dataset from the US Census Bureau
Mariah,Denigan,Swimming,"Bloomington , Indiana ",39.07881,-86.435094,1,place,,,,,Bloomington,IN,Monroe County,47401,US,TIGER/Line® dataset from the US Census Bureau
Paige,Madden,Swimming,"Mobile, Alabama",30.701142,-88.103184,1,place,,,,,Mobile,AL,Mobile County,36601,US,TIGER/Line® dataset from the US Census Bureau
Phoebe,Bacon,Swimming,"Chevy Chase, Maryland",38.983759,-77.079449,1,place,,,,,Chevy Chase,MD,Montgomery County,20815,US,TIGER/Line® dataset from the US Census Bureau
Regan,Smith,Swimming,"Lakeville, Minnesota",44.633421,-93.25812,1,place,,,,,Lakeville,MN,Dakota County,55044,US,TIGER/Line® dataset from the US Census Bureau
Simone,Manuel,Swimming,"Mountain View, California",37.189396,-121.705327,1,place,,,,,Mountain View,CA,Santa Clara County,94039,US,TIGER/Line® dataset from the US Census Bureau
"Victoria ""Torri""",Huske,Swimming,"Arlington , Virginia",38.885484,-77.099113,1,place,,,,,Arlington,VA,Arlington County,22201,US,TIGER/Line® dataset from the US Census Bureau
Lily,Zhang,Table Tennis,"Redwood City, California",37.462158,-122.235639,1,place,,,,,Redwood City,CA,San Mateo County,94061,US,TIGER/Line® dataset from the US Census Bureau
Kanak ,Jha,Table Tennis,"Milipitas, California",37.436454,-121.861989,1,place,,,,,Milpitas,CA,Santa Clara County,95035,US,TIGER/Line® dataset from the US Census Bureau
CJ,Nickolas,Taekwondo,"Charlotte, North Carolina",35.26002,-80.804151,1,place,,,,,Charlotte,NC,Mecklenburg County,28201,US,TIGER/Line® dataset from the US Census Bureau
Faith ,Dillon ,Taekwondo,"Las Vegas, Nevada",36.17372,-115.10647,1,place,,,,,Las Vegas,NV,Clark County,89101,US,TIGER/Line® dataset from the US Census Bureau
Kristina ,Teachout ,Taekwondo,"Colorado Springs , Colorado ",38.828893,-104.809929,1,place,,,,,Colorado Springs,CO,El Paso County,80903,US,TIGER/Line® dataset from the US Census Bureau
Austin ,Krajicek,Tennis ,"Tampa , Florida ",27.996097,-82.582035,1,place,,,,,Tampa,FL,Hillsborough County,33601,US,TIGER/Line® dataset from the US Census Bureau
Chris ,Eubanks ,Tennis,"Atlanta , Georgia ",33.844371,-84.47405,1,place,,,,,Atlanta,GA,Cobb County,30301,US,TIGER/Line® dataset from the US Census Bureau
Marcos ,Giron ,Tennis,"Los Angeles , California ",33.973951,-118.248405,1,place,,,,,Los Angeles,CA,Los Angeles County,90001,US,TIGER/Line® dataset from the US Census Bureau
Rajeev ,Ram ,Tennis,"Indianapolis , Indiana ",39.775092,-86.13216,1,place,,,,,Indianapolis,IN,Marion County,46201,US,TIGER/Line® dataset from the US Census Bureau
Taylor ,Fritz,Tennis,"Rancho Santa Fe , California ",33.005026,-117.21569,1,place,,,,,Rancho Santa Fe,CA,San Diego County,92067,US,TIGER/Line® dataset from the US Census Bureau
Coco,Gauff,Tennis,"Delray Beach, Florida",26.457598,-80.081614,1,place,,,,,Delray Beach,FL,Palm Beach County,33444,US,TIGER/Line® dataset from the US Census Bureau
Danielle ,Collins ,Tennis ,"Bradenton , Florida ",27.404731,-82.470456,1,place,,,,,Bradenton,FL,Manatee County,34201,US,TIGER/Line® dataset from the US Census Bureau
Chris ,Bailey,Track and Field,"Atlanta, Georgia",33.844371,-84.47405,1,place,,,,,Atlanta,GA,Cobb County,30301,US,TIGER/Line® dataset from the US Census Bureau
Chris,Nilsen,Track and Field,"Vermillion, South Dakota",42.854124,-96.973318,1,place,,,,,Vermillion,SD,Clay County,57069,US,TIGER/Line® dataset from the US Census Bureau
Clayton,Young,Track and Field,"Springville, Utah",40.180718,-111.562586,1,place,,,,,Springville,UT,Utah County,84663,US,TIGER/Line® dataset from the US Census Bureau
Cole,Hocker,Track and Field,"Eugene, Oregon",44.067988,-123.080181,1,place,,,,,Eugene,OR,Lane County,97401,US,TIGER/Line® dataset from the US Census Bureau
Conner,Mantz,Track and Field,"Provo, Utah",40.235053,-111.695558,1,place,,,,,Provo,UT,Utah County,84601,US,TIGER/Line® dataset from the US Census Bureau
Fred,Kerley,Track and Field,"Miami , Florida",25.558428,-80.458168,1,place,,,,,Miami,FL,Miami-Dade County,33234,US,TIGER/Line® dataset from the US Census Bureau
Grant,Fisher,Track and Field,"Park City, Utah",40.652531,-111.501916,1,place,,,,,Park City,UT,Summit County,84060,US,TIGER/Line® dataset from the US Census Bureau
Hobbs,Kessler,Track and Field,"Flagstaff, Arizona",35.287661,-111.639303,1,place,,,,,Flagstaff,AZ,Coconino County,86001,US,TIGER/Line® dataset from the US Census Bureau
Harrison ,Williams ,Track and Field,"San Francisco , California",37.776646,-122.417481,1,place,,,,,San Francisco,CA,San Francisco County,94101,US,TIGER/Line® dataset from the US Census Bureau
Heath ,Baldwin ,Track and Field,"East Lansing , Michigan ",42.763888,-84.458771,1,place,,,,,East Lansing,MI,Ingham County,48823,US,TIGER/Line® dataset from the US Census Bureau
Jacob ,Wooten ,Track and Field,"College Station , Texas ",30.609093,-96.325984,1,place,,,,,College Station,TX,Brazos County,77840,US,TIGER/Line® dataset from the US Census Bureau
Joe,Kovacs,Track and Field,"Brentwood, Tennessee",35.874553,-86.907565,1,place,,,,,Brentwood,TN,Williamson County,37024,US,TIGER/Line® dataset from the US Census Bureau
Kenny,Bednarek,Track and Field,"Orlando, Florida",28.545179,-81.373291,1,place,,,,,Orlando,FL,Orange County,32801,US,TIGER/Line® dataset from the US Census Bureau
Leonard ,Korir,Track and Field,"Colorado Springs, Colorado ",38.828893,-104.809929,1,place,,,,,Colorado Springs,CO,El Paso County,80903,US,TIGER/Line® dataset from the US Census Bureau
Nico ,Young ,Track and Field,"Flagstaff, Arizona",35.287661,-111.639303,1,place,,,,,Flagstaff,AZ,Coconino County,86001,US,TIGER/Line® dataset from the US Census Bureau
Noah,Lyles,Track and Field,"Clermont, Florida",28.584025,-81.779423,1,place,,,,,Clermont,FL,Lake County,34711,US,TIGER/Line® dataset from the US Census Bureau
Payton,Otterdahl,Track and Field,"Rosemount , Minnesota ",44.73941,-93.12577,1,place,,,,,Rosemount,MN,Dakota County,55068,US,TIGER/Line® dataset from the US Census Bureau
Ryan,Crouser,Track and Field,"Fayetteville, Arkansas ",35.974602,-94.190997,1,place,,,,,Fayetteville,AR,Washington County,72701,US,TIGER/Line® dataset from the US Census Bureau
Sam,Kendricks,Track and Field,"Oxford, Mississippi",34.330814,-89.483519,1,place,,,,,Oxford,MS,Lafayette County,38655,US,TIGER/Line® dataset from the US Census Bureau
Woody,Kincaid,Track and Field,"Flagstaff, Arizona",35.287661,-111.639303,1,place,,,,,Flagstaff,AZ,Coconino County,86001,US,TIGER/Line® dataset from the US Census Bureau
Yared,Nuguse,Track and Field,"Louisville, Kentucky",38.25247,-85.753812,1,place,,,,,Louisville,KY,Jefferson County,40202,US,TIGER/Line® dataset from the US Census Bureau
Zach,Ziemek,Track and Field,"Madison, Wisconsin",43.060926,-88.230636,1,place,,,,,Madison,WI,Waukesha County,53702,US,TIGER/Line® dataset from the US Census Bureau
Aaliyah,Butler ,Track and Field,"Atlanta , Georgia",33.844371,-84.47405,1,place,,,,,Atlanta,GA,Cobb County,30301,US,TIGER/Line® dataset from the US Census Bureau
Alexis ,Holmes ,Track and Field,"Orlando , Florida ",28.545179,-81.373291,1,place,,,,,Orlando,FL,Orange County,32801,US,TIGER/Line® dataset from the US Census Bureau
Annette,Echikunwoke,Track and Field,"Indianaplois , Indiana ",39.775092,-86.13216,1,place,,,,,Indianapolis,IN,Marion County,46201,US,TIGER/Line® dataset from the US Census Bureau
DeAnna,Price,Track and Field,"Carbondale , Illinois",37.739004,-89.209109,1,place,,,,,Carbondale,IL,Jackson County,62901,US,TIGER/Line® dataset from the US Census Bureau
Emily,Sisson,Track and Field,"Scottsdale, Arizona",33.534451,-111.887354,1,place,,,,,Scottsdale,AZ,Maricopa County,85250,US,TIGER/Line® dataset from the US Census Bureau
Fiona,O'Keeffe,Track and Field,"Chapell Hill, North Carolina",36.004647,-79.054475,1,place,,,,,Chapel Hill,NC,Orange County,27514,US,TIGER/Line® dataset from the US Census Bureau
Melissa ,Jefferson ,Track and Field,"Conway , South Carolina ",33.868775,-78.948287,1,place,,,,,Conway,SC,Horry County,29526,US,TIGER/Line® dataset from the US Census Bureau
Sha'Carri,Richardson ,Track and Field,"Dallas , Texas ",32.781179,-96.790329,1,place,,,,,Dallas,TX,Dallas County,75201,US,TIGER/Line® dataset from the US Census Bureau
Teetee ,Terry ,Track and Field,"Miami , Florida ",25.558428,-80.458168,1,place,,,,,Miami,FL,Miami-Dade County,33234,US,TIGER/Line® dataset from the US Census Bureau
Vashti,Cunningham,Track and Field,"Las Vegas, Nevada",36.17372,-115.10647,1,place,,,,,Las Vegas,NV,Clark County,89101,US,TIGER/Line® dataset from the US Census Bureau
Morgan,Pearson,Triathlon,"Boulder, Colorado",40.049468,-105.201421,1,place,,,,,Boulder,CO,Boulder County,80301,US,TIGER/Line® dataset from the US Census Bureau
Taylor,Knibb,Triathlon,"Boulder, Colorado",40.049468,-105.201421,1,place,,,,,Boulder,CO,Boulder County,80301,US,TIGER/Line® dataset from the US Census Bureau
Matt,Anderson,Volleyball,"Italy, ",32.189616,-96.873872,1,place,,,,,Italy,TX,Ellis County,76651,US,TIGER/Line® dataset from the US Census Bureau
Taylor,Averill,Volleyball,"Poland, ",43.232502,-75.07288,1,place,,,,,Poland,NY,Oneida County,13431,US,TIGER/Line® dataset from the US Census Bureau
Micah,Christenson,Volleyball,"Redondo Beach, California",33.830006,-118.387124,1,place,,,,,Redondo Beach,CA,Los Angeles County,90277,US,TIGER/Line® dataset from the US Census Bureau
T.J.,DeFalco,Volleyball,"Olszytn, Poland, ",43.232502,-75.07288,1,place,,,,,Poland,NY,Oneida County,13431,US,TIGER/Line® dataset from the US Census Bureau
Thomas,Jaeschke,Volleyball,"Italy, ",32.189616,-96.873872,1,place,,,,,Italy,TX,Ellis County,76651,US,TIGER/Line® dataset from the US Census Bureau
Jeff,Jendryk II,Volleyball,"Poland, ",43.232502,-75.07288,1,place,,,,,Poland,NY,Oneida County,13431,US,TIGER/Line® dataset from the US Census Bureau
Erik,Shoji,Volleyball,"Novy Urengoy, Russia , ",40.23449,-84.40939,1,place,,,,,Russia,OH,Shelby County,45363,US,TIGER/Line® dataset from the US Census Bureau
Lauren ,Carlini ,Volleyball,"Madison , Wisconsin ",43.060926,-88.230636,1,place,,,,,Madison,WI,Waukesha County,53702,US,TIGER/Line® dataset from the US Census Bureau
Jordan ,Larson ,Volleyball,"Anaheim , California",33.844983,-117.952151,1,place,,,,,Anaheim,CA,Orange County,92801,US,TIGER/Line® dataset from the US Census Bureau
Chiaka ,Ogbogu ,Volleyball,"Austin , Texas ",30.268335,-97.741382,1,place,,,,,Austin,TX,Travis County,78701,US,TIGER/Line® dataset from the US Census Bureau
Kathryn ,Plummer ,Volleyball,"Imoco Volley , Italy ",32.189616,-96.873872,1,place,,,,,Italy,TX,Ellis County,76651,US,TIGER/Line® dataset from the US Census Bureau
Jordyn ,Poulter ,Volleyball,"Imoco Volley , Italy ",32.189616,-96.873872,1,place,,,,,Italy,TX,Ellis County,76651,US,TIGER/Line® dataset from the US Census Bureau
Dana ,Rettke ,Volleyball,"Vero Valley , Italy ",32.189616,-96.873872,1,place,,,,,Italy,TX,Ellis County,76651,US,TIGER/Line® dataset from the US Census Bureau
Kelsey,Robinson Cook,Volleyball,"Los Angeles , California",33.973951,-118.248405,1,place,,,,,Los Angeles,CA,Los Angeles County,90001,US,TIGER/Line® dataset from the US Census Bureau
Jordan ,Thompson,Volleyball,"Instanbul , Turkey ",34.394837,-100.892561,1,place,,,,,Turkey,TX,Hall County,79261,US,TIGER/Line® dataset from the US Census Bureau
Avery ,Skinner ,Volleyball,"Austin , Texas ",30.268335,-97.741382,1,place,,,,,Austin,TX,Travis County,78701,US,TIGER/Line® dataset from the US Census Bureau
Haleigh ,Washington,Volleyball,"Colorado Springs , Colorado ",38.828893,-104.809929,1,place,,,,,Colorado Springs,CO,El Paso County,80903,US,TIGER/Line® dataset from the US Census Bureau
Amanda,Longan,Water Polo,"Long Beach , California",33.756024,-118.201101,1,place,,,,,Long Beach,CA,Los Angeles County,90802,US,TIGER/Line® dataset from the US Census Bureau
Ashleigh,Johnson,Water Polo,"Seal Beach, California",33.74141,-118.10479,1,place,,,,,Seal Beach,CA,Orange County,90740,US,TIGER/Line® dataset from the US Census Bureau
Jenna,Flynn,Water Polo,"Los Angeles, California",33.973951,-118.248405,1,place,,,,,Los Angeles,CA,Los Angeles County,90001,US,TIGER/Line® dataset from the US Census Bureau
Jewel,Roemer,Water Polo,"Los Angeles, California",33.973951,-118.248405,1,place,,,,,Los Angeles,CA,Los Angeles County,90001,US,TIGER/Line® dataset from the US Census Bureau
Kaleigh,Gilchrist,Water Polo,"Newport Beach, California",33.640302,-117.769442,1,place,,,,,Newport Beach,CA,Orange County,92658,US,TIGER/Line® dataset from the US Census Bureau
Maggie,Steffens,Water Polo,"Long Beach, California",33.756024,-118.201101,1,place,,,,,Long Beach,CA,Los Angeles County,90802,US,TIGER/Line® dataset from the US Census Bureau
Madeline,Musselman,Water Polo,"Newport Beach, California",33.640302,-117.769442,1,place,,,,,Newport Beach,CA,Orange County,92658,US,TIGER/Line® dataset from the US Census Bureau
Rachel,Fattal,Water Polo,"Seal Beach, California",33.74141,-118.10479,1,place,,,,,Seal Beach,CA,Orange County,90740,US,TIGER/Line® dataset from the US Census Bureau
Ryann,Neushul,Water Polo,"Los Angeles, California",33.973951,-118.248405,1,place,,,,,Los Angeles,CA,Los Angeles County,90001,US,TIGER/Line® dataset from the US Census Bureau
Adrian,Weinberg,Water Polo,"Berkeley , California",37.864425,-122.28713,1,place,,,,,Berkeley,CA,Alameda County,94702,US,TIGER/Line® dataset from the US Census Bureau
Alex,Bowen,Water Polo,"San Diego, California",32.724103,-117.170912,1,place,,,,,San Diego,CA,San Diego County,92101,US,TIGER/Line® dataset from the US Census Bureau
Alex,Obert,Water Polo,"Orange, California",33.640302,-117.769442,1,place,,,,,Orange,CA,Orange County,92859,US,TIGER/Line® dataset from the US Census Bureau
Ben,Hallock,Water Polo,"Los Angeles, California",33.973951,-118.248405,1,place,,,,,Los Angeles,CA,Los Angeles County,90001,US,TIGER/Line® dataset from the US Census Bureau
Chase,Dodd,Water Polo,"Los Angeles, California",33.973951,-118.248405,1,place,,,,,Los Angeles,CA,Los Angeles County,90001,US,TIGER/Line® dataset from the US Census Bureau
Drew,Holland,Water Polo,"Orinda, California",37.87715,-122.17969,1,place,,,,,Orinda,CA,Contra Costa County,94563,US,TIGER/Line® dataset from the US Census Bureau
Dylan,Woodhead,Water Polo,"San Rafael , California",37.970948,-122.504286,1,place,,,,,San Rafael,CA,Marin County,94901,US,TIGER/Line® dataset from the US Census Bureau
Hannes,Daube,Water Polo,"Long Beach, California",33.756024,-118.201101,1,place,,,,,Long Beach,CA,Los Angeles County,90802,US,TIGER/Line® dataset from the US Census Bureau
Johnny ,Hooper,Water Polo,"Los Angeles, California",33.973951,-118.248405,1,place,,,,,Los Angeles,CA,Los Angeles County,90001,US,TIGER/Line® dataset from the US Census Bureau
Luca,Cupido,Water Polo,"Los Angeles, California",33.973951,-118.248405,1,place,,,,,Los Angeles,CA,Los Angeles County,90001,US,TIGER/Line® dataset from the US Census Bureau
Marko,Vavic,Water Polo,"Los Angeles, California",33.973951,-118.248405,1,place,,,,,Los Angeles,CA,Los Angeles County,90001,US,TIGER/Line® dataset from the US Census Bureau
Max,Irving,Water Polo,"Long Beach, California",33.756024,-118.201101,1,place,,,,,Long Beach,CA,Los Angeles County,90802,US,TIGER/Line® dataset from the US Census Bureau
Ryder,Dodd,Water Polo,"Long Beach, California",33.756024,-118.201101,1,place,,,,,Long Beach,CA,Los Angeles County,90802,US,TIGER/Line® dataset from the US Census Bureau
Hampton  ,Morris ,Weightlifting ,"Marietta , Georgia ",33.912473,-84.557181,1,place,,,,,Marietta,GA,Cobb County,30007,US,TIGER/Line® dataset from the US Census Bureau
Wes ,Kitts,Weightlifting ,"Sacramento , California ",38.377411,-121.444429,1,place,,,,,Sacramento,CA,Sacramento County,94240,US,TIGER/Line® dataset from the US Census Bureau
Jourdan,Delacruz,Weightlifting,"Lawrenceville, Georgia",34.00309,-84.012608,1,place,,,,,Lawrenceville,GA,Gwinnett County,30043,US,TIGER/Line® dataset from the US Census Bureau
Mary ,Theisen-Lappen,Weightlifting ,"Bloomington , Indiana ",39.07881,-86.435094,1,place,,,,,Bloomington,IN,Monroe County,47401,US,TIGER/Line® dataset from the US Census Bureau
Olivia ,Reeves,Weightlifting ,"Chattanooga, Tennessee",35.017818,-85.206426,1,place,,,,,Chattanooga,TN,Hamilton County,37401,US,TIGER/Line® dataset from the US Census Bureau
Amit,Elor,Wrestling,"Walnut Creek , California",37.873343,-122.070625,1,place,,,,,Walnut Creek,CA,Contra Costa County,94595,US,TIGER/Line® dataset from the US Census Bureau
Dom,Parrish,Wrestling,"Tempe, Arizona",33.401395,-111.931298,1,place,,,,,Tempe,AZ,Maricopa County,85280,US,TIGER/Line® dataset from the US Census Bureau
Kayla,Miracle,Wrestling,"Tempe, Arizona",33.401395,-111.931298,1,place,,,,,Tempe,AZ,Maricopa County,85280,US,TIGER/Line® dataset from the US Census Bureau
Sarah,Hildebrandt,Wrestling,"Colorado Springs, Colorado",38.828893,-104.809929,1,place,,,,,Colorado Springs,CO,El Paso County,80903,US,TIGER/Line® dataset from the US Census Bureau
Kyle ,Snyder ,Wrestling ,"Mechanicsburg , Pennsylvania ",40.182917,-77.004599,1,place,,,,,Mechanicsburg,PA,Cumberland County,17055,US,TIGER/Line® dataset from the US Census Bureau
Zain,Retherford,Wrestling,"State College, Pennsylvania ",40.77893,-77.841359,1,place,,,,,State College,PA,Centre County,16801,US,TIGER/Line® dataset from the US Census Bureau
Colin,Duffy,Sport Climbing,"Broomfied, Colorado",38.993867,-105.508319,1,state,,,,,,CO,,,US,TIGER/Line® dataset from the US Census Bureau
Anna,Peplowski,Swimming,"Indiana, ",39.903026,-86.28395,1,state,,,,,,IN,,,US,TIGER/Line® dataset from the US Census Bureau