QUALIFIED,,UPDATED,NAME,GENDER,SPORT,BIRTHPLACE,STATION,HOMETOWN,STATION,CURRENT RESIDENCE,STATION,SCHOOL,STATION,CLUB/PRO TEAM,STATION,OLYMPIC TEAMS,OLYMPIC MEDALS,TWITTER/X URL,INSTAGRAM URL,TIKTOK URL,DRUPAL TAGS
,,X,Ben Ritchie,Male,Alpine Skiing,"Burlington, VT",WPTZ,"Waitsfield, VT",WPTZ,,,Green Mountain Valley School ,WPTZ,,,,,,https://www.instagram.com/ben.ritchie__/?hl=en,,X
,,X,Bryce Bennett,Male,Alpine Skiing,"Truckee, CA",KCRA,"Olympic Valley, CA",KCRA,"Alpine Meadows, CA",KCRA,Westminster College,KSL,Team Palisades Tahoe,KCRA / KRNV,"2018, 2022",,,https://www.instagram.com/brycebennett/?hl=en,,X
,,X,Jared Goldberg,Male,Alpine Skiing,"Boston, MA",WBTS,"Salt Lake City, UT",KSL,"Holladay, UT",KSL,University of Utah,KSL,,,"2014, 2018",,https://x.com/jared_goldberg?lang=en,https://www.instagram.com/jaredgoldberg/?hl=en,,X
,,X,River Radamus,Male,Alpine Skiing,"Steamboat Springs, CO",KUSA,"Edwards, CO ",KUSA,"Vail, CO",KUSA,,,Ski and Snowboard Club Vail,KUSA,2022,,,https://www.instagram.com/riverradamus/?hl=en,River Radamus (@riverradamus) | TikTok,X
,,X,Ryan Cochran-Siegle,Male,Alpine Skiing,"Burlington, VT",WPTZ,"Starksboro, VT",WPTZ,"Starksboro, VT",WPTZ,Westminster College,KSL,Cochran's Ski Club / Mt. Mansfield Academy ,WPTZ,"2018, 2022",1 silver,,https://www.instagram.com/rc.s/?hl=en,,X
,,X,AJ Hurt,Female,Alpine Skiing,"Truckee, CA",KCRA,"Carnelian Bay, CA",KCRA,"Tahoe, CA",KRNV,Dartmouth College,WPTZ,Team Palisades Tahoe,KCRA / KRNV,2022,,,https://www.instagram.com/ajhurti/?hl=en,,X
,,X,Breezy Johnson,Female,Alpine Skiing,"Jackson Hole, WY",KPVI,"Victor, ID",KPVI,"Salt Lake City, UT",KSL,Western Washington University / University of Utah ,KING / KSL,Rowmark Ski Academy,KSL,2018,,,https://www.instagram.com/breezyjohnsonski/,Breezy Johnson (@breezyjohnsonski) | TikTok,X
,,X,Jackie Wiles,Female,Alpine Skiing,"Portland, OR",KGW,"Aurora, OR ",KGW,"Aurora, OR ",KGW,,,,,"2014, 2022",,,https://www.instagram.com/jacquelinewiles/?hl=en,,X
,,X,Katie Hensien,Female,Alpine Skiing,"Redmond, WA ",KING,"Redmond, WA ",KING,"Park City, UT ",KSL,University of Denver ,KUSA,Rowmark Ski Academy,KSL,2022,,https://x.com/katiehensien,https://www.instagram.com/katiehensien/?hl=en,,X
,,X,Keely Cashman,Female,Alpine Skiing,"Strawberry, CA",KNBC,"Strawberry, CA",KNBC,"Strawberry, CA",KNBC,University of Utah / Montana State University,KSL / KDBZ,Bear Valley / Team Palisades Tahoe ,KCRA / KRNV,2022,,,https://www.instagram.com/keely_cashman/?hl=en,,X
,,X,Lindsey Vonn,Female,Alpine Skiing,"St. Paul, MN",KARE,"Vail, CO",KUSA,"Miami, FL / Park City, UT ",WTVJ / KSL,,,Buck Hill Ski Team / Ski and Snowboard Club Vail,KUSA,"2002, 2006, 2010, 2018","1 gold, 2 bronze",lindsey vonn (@lindseyvonn) / X,https://www.instagram.com/lindseyvonn/?hl=en,https://www.tiktok.com/@lindseyvonn?lang=en,X
X,,X,Mikaela Shiffrin,Female,Alpine Skiing,"Vail, CO",KUSA,"Edwards, CO ",KUSA,"Edwards, CO ",KUSA,Burke Mountain Academy,WPTZ,Ski and Snowboard Club Vail,KUSA,"2014, 2018, 2022","2 gold, 1 silver ",https://x.com/MikaelaShiffrin,https://www.instagram.com/mikaelashiffrin/,https://www.tiktok.com/@mikaelashiffrin?lang=en,X
,,X,Nina O'Brien,Female,Alpine Skiing,"San Francisco, CA ",KNTV,"San Francisco, CA ",KNTV,"Denver, CO ",KUSA ,Dartmouth College,WPTZ,Team Palisades Tahoe / Burke Mountain Academy,KCRA / WPTZ,2022,,,https://www.instagram.com/nina_obrien/?hl=en,,X
,,X,Paula Moltzan,Female,Alpine Skiing,"Prior Lake, MN",KARE,"Prior Lake, MN",KARE,"Burlington, VT",WPTZ,University of Vermont,WPTZ,Buck Hill Ski Team / Ski and Snowboard Club Vail,KUSA,2022,,,https://www.instagram.com/paulamoltzan/?hl=en,,X
X,,X,Campbell Wright,Male,Biathlon,"Rotorua, New Zealand",,"Wanaka, New Zealand",,,,,,,,2022,,,https://www.instagram.com/wright_campbell/?hl=en,,X
,,X,Deedra Irwin,Female,Biathlon,"Pulaski, WI",WGBA,"Pulaski, WI",WGBA,"Jericho, VT ",WPTZ,Michigan Technological University ,WLUC,Vermont Army National Guard,WPTZ,2022,,Deedra Irwin (@deedrablu) / X,https://www.instagram.com/deedrablu/?hl=en,,X
,,X,Charlie Volker,Male,Bobsled,"Rumson, NJ",WNBC,"Fair Haven, NJ",WNBC,"Fair Haven, NJ",WNBC,Princeton University ,WNBC,,,2022,,Charles Volker (@CharlieVolker) / X,https://www.instagram.com/charlievolker/?hl=en,,X
,,X,Frank Del Duca,Male,Bobsled,"Ft. Lauderdale, FL ",WTVJ,"Bethel, ME ",WCSH,"Lake Placid, NY ",WPTZ,University of Maine ,WLBZ,,,2022,,Frankie Del Duca (@FrankieDelDuca) / X,https://www.instagram.com/frankiedelduca/?hl=en,,X
,,X,Kris Horn,Male,Bobsled,"Pembroke, MA ",WBTS,"Pembroke, MA ",WBTS,,,University of Massachusetts,WWLP,,,2022,,,,,X
,,X,Manteo Mitchell,Male,Bobsled,"Shelby, NC ",WCNC,"Shelby, NC ",WCNC,,,Western Carolina University ,WYFF,,,2012,1 silver,"Manteo Mitchell, OLY (@ManteoMitchell) / X",https://www.instagram.com/manteomitchell/,,X
,,X,Azaria Hill,Female,Bobsled,,,"Santa Clarita, CA ",KNBC,,,Long Beach State University / UNV Las Vegas ,KNBC / KSNV,US Army WCAP,,,,,https://www.instagram.com/azaria_hill/?hl=en,,X
,,X,Elana Meyers Taylor,Female,Bobsled,"Camp Pendleton, CA",KNSD,"Douglasville, GA ",WXIA,"New Braunfels, TX",WOAI,George Washington University,WRC,,,"2010, 2014, 2018, 2022","3 silver, 2 bronze",Elana Meyers Taylor OLY (@eamslider24) / X,https://www.instagram.com/elanameyerstaylor/?hl=en,,X
,,X,Kaillie Humphries,Female,Bobsled,"Calgary, Alberta",,"Calgary, Alberta",,"Carlsbad, CA ",KNBC,,,,,"2010, 2014, 2018, 2022","3 gold, 1 bronze",Kaillie Humphries OLY (@BobsledKaillie) / X,https://www.instagram.com/kailliehumphries/?hl=en,Kaillie Humphries (@kailsarmbruster) | TikTok,X
,,X,Kaysha Love,Female,Bobsled,"Salt Lake City, UT",KSL,"Herriman, UT",KSL ,"Salt Lake City, UT",KSL,University of Nevada Las Vegas,KSNV,,,2022,,"Kaysha Love, OLY ✨ (@kayshajlove) / X",https://www.instagram.com/kayshajlove/?hl=en,Kaysha Love (@kayshajlove) | TikTok,X
,,X,Lolo Jones,Female,Bobsled,"Des Moines, IA",WHO,"Des Moines, IA",WHO,"Baton Rouge, LA ",WVLA,Louisiana State University ,WVLA,,,"2008, 2012, 2014",,Lolo Jones (@lolojones) / X,https://www.instagram.com/lolojones/?hl=en,,X
,,X,Ben Ogden,Male,Cross-Country Skiing,"Landgrove, VT",WPTZ,"Landgrove, VT",WPTZ,"Landgrove, VT",WPTZ,University of Vermont,WPTZ,Stratton Mountain School ,WPTZ / WNYT,2022,,,https://www.instagram.com/ben.0gden/?hl=en,,X
,,X,Gus Schumacher,Male,Cross-Country Skiing,"Madison, WI",WMTV,"Anchorage, AK ",KTUU,"Anchorage, AK ",KTUU,University of Alaska Anchorage ,KTUU,Alaska Pacific University Nordic Center,KTUU,2022,,,https://www.instagram.com/gus.schumacher/?hl=en,,X
,,X,JC Schoonmaker,Male,Cross-Country Skiing,"Tahoe City, CA ",KCRA / KRNV,"Tahoe City, CA ",KCRA / KRNV,"Anchorage, AK ",KTUU,University of Alaska Anchorage ,KTUU,Alaska Pacific University Nordic Center,KTUU,2022,,,https://www.instagram.com/isaschoon/?hl=en,,X
X,,X,Jessie Diggins,Female,Cross-Country Skiing,"St. Paul, MN",KARE,"Afton, MN",KARE ,"Wakefield, MA",WBTS,Northern Michigan University ,WLUC,Stratton Mountain School Elite Team ,WPTZ / WNYT,"2014, 2018, 2022","1 gold, 1 silver, 1 bronze",Jessie Diggins (@jessdiggs) / X,https://www.instagram.com/jessiediggins/,,X
,,X,Julia Kern,Female,Cross-Country Skiing,"Berkeley, CA ",KNTV,"Waltham, MA",WBTS,"Stratton, VT",WPTZ,Dartmouth College,WPTZ,Stratton Mountain School ,WPTZ / WNYT,2022,,Julia Kern (@juliakernski) / X,https://www.instagram.com/juliakernski/?hl=en,Julia Kern (@juliakernski) | TikTok,X
,,X,Sammy Smith,Female,Cross-Country Skiing,"Boise, ID ",KTVB,"Boise, ID ",KTVB,,,Stanford University ,KNTV,Sun Valley Ski Education Foundation,KTVB,,,,https://www.instagram.com/samanthasmith__7/?hl=en,,X
,,X,Danny Casper,Male,Curling,"Briarcliff Manor, NY ",WNBC,"Briarcliff Manor, NY ",WNBC,"Minneapolis, MN",KARE ,University of Minnesota ,KARE,Ardsley Curling Club ,WNBC,,,,https://www.instagram.com/danny_casper_/?hl=en,,X
X,,X,Korey Dropkin,Male,Curling,"Boston, MA ",WBTS,"Southborough, MA",WBTS,"Duluth, MN ",KBJR,University of Minnesota Duluth,KBJR,Broomstones Curling Club / Duluth Curling Club ,WBTS / KBJR ,,,Korey Dropkin (@koreydropkin) / X,https://www.instagram.com/koreydropkin/?hl=en,,X
X,,X,Cory Thiesse,Female,Curling,"Duluth, MN ",KBJR,"Duluth, MN ",KBJR,"Duluth, MN ",KBJR,University of Minnesota Duluth,KBJR,St. Paul Curling Club / Duluth Curling Club ,KARE / KBJR,2018,,,https://www.instagram.com/corychristensen7/?hl=en,,X
X,,X,Tabitha Peterson,Female,Curling,"Burnsville, MN",KARE,"Burnsville, MN",KARE,"Minneapolis, MN",KARE ,University of Minnesota ,KARE ,St. Paul Curling Club ,KARE,"2018, 2022",,Tabitha Peterson (@tabcurl) / X,https://www.instagram.com/tabcurl/?hl=en,,X
X,,X,Tara Peterson,Female,Curling,"Burnsville, MN",KARE,"Eagan, MN",KARE,"Minneapolis, MN",KARE ,University of Minnesota ,KARE ,St. Paul Curling Club ,KARE,,,https://x.com/taraissupercoo1,https://www.instagram.com/taraissupercool/?hl=en,https://www.tiktok.com/@Taraissupercool,
X,,X,Taylor Anderson-Heide,Female,Curling,"Philadelphia, PA",WCAU,"Minneapolis, MN",KARE,"Minneapolis, MN",KARE ,University of Minnesota ,KARE,,,,,,https://www.instagram.com/TaylorAA15,https://www.tiktok.com/@TaylorAA15,
X,,X,Aileen Geving,Female,Curling,"Duluth, MN ",KBJR,"Duluth, MN ",KBJR,"Duluth, MN ",KBJR,University of Minnesota Duluth,KBJR,Duluth Curl,,"2018, 2022",,,https://www.instagram.com/aileencurls,,
X,,X,Danny Casper,Male,Curling,"Briarcliff Manor, NY ",WNBC,"Briarcliff Manor, NY ",WNBC,"Minneapolis, MN",KARE ,University of Minnesota ,KARE,Chaska Curling Club,,,,,https://www.instagram.com/danny_casper_,,
X,,X,Aidan Oldenburg,Male,Curling,"Mapleton, MN",KARE,"Mapleton, MN",KARE,"Mapleton, MN",KARE ,"Minnesota State University, Mankato",KMNF,Chaska Curling Club,KARE ,,,,,,
X,,X,Ben Richardson,Male,Curling,"Miami, FL",WTVJ,"Miami, FL",WTVJ,"Minneapolis, MN",KARE ,Cleveland Institute of Music,WKYC,,,,,,https://www.instagram.com/curlingcelloguy/,https://www.tiktok.com/@curlingcelloguy,
,,,Luc Violette,Male,Curling,"Seattle, WA",KING,"Edmonds, WA",KING,,,,,,,,,,,,
,,X,Alex Shibutani,Male,Figure Skating,"Boston, MA ",WBTS,"Greenwich, CT / Ann Arbor, MI ",WDIV,,,,,SC of New York ,WNBC,"2014, 2018 ",2 bronze,Alex Shibutani (@AlexShibutani) / X,https://www.instagram.com/alexshibutani/?hl=en,Alex Shibutani (@alexshibutani) | TikTok,X
,,X,Andrew Torgashev,Male,Figure Skating,"Coral Springs, FL",WTVJ,"Coral Springs, FL",WTVJ,"Irvine, CA ",KNBC,,,Panthers FSC ,WTVJ,,,Torg (@andrewtorg29) / X,https://www.instagram.com/andrewtorg,Torg (@andrewtorg) | TikTok,X
,,X,Anthony Ponomarenko,Male,Figure Skating,"San Jose, CA ",KNTV,"Northville, MI",WDIV,"London, Ontario / Montreal",,,,SC of San Francisco / SC of New York ,KNTV / WNBC,,,,https://www.instagram.com/anthony.ponomarenko,,X
,,X,Balazs Nagy,Male,Figure Skating,"Budapest, Hungary ",,"Budapest, Hungary ",,"Oakville, Ontario",,,,SC of New York ,WNBC,,,,https://www.instagram.com/nagybalu,Balázs Nagy (@nagybalazsl) | TikTok,X
,,X,Camden Pulkinen,Male,Figure Skating,"Scottsdale, AZ",KPNX,"Mesa, AZ ",KPNX,"New York, NY",WNBC,,,SC of New York ,WNBC,,,Camden Pulkinen (@CamdenPulk) / X,https://www.instagram.com/campulk/?hl=en,Camden Pulkinen (@campulk) | TikTok,X
,,X,Daniil Parkman,Male,Figure Skating,"Saint Petersburg, Russia",,"Saint Petersburg, Russia",,"Irvine, CA",KNBC,,,SC of New York ,WNBC,,,,https://www.instagram.com/daniilparkman/?hl=en,,X
,,X,Danny O'Shea,Male,Figure Skating,"Pontiac, MI",WDIV,"Colorado Springs, CO",KOAA,"Colorado Springs, CO",KOAA,,,SC of New York ,WNBC,,,Danny O'Shea (@doshea213) / X,https://www.instagram.com/dannyoshea213/,Danny O'shea (@dannyoshea213) | TikTok,X
,,X,Evan Bates,Male,Figure Skating,"Ann Arbor, MI",WDIV,"Ann Arbor, MI",WDIV,Montreal,,University of Michigan ,WDIV ,Ann Arbor FSC ,WDIV,"2010, 2014, 2018, 2022 ",1 gold,Evan Bates (@Evan_Bates) / X,https://www.instagram.com/evan_bates/?hl=en,,X
,,X,Ilia Malinin,Male,Figure Skating,"Fairfax, VA",WRC,"Vienna, VA",WRC,"Vienna, VA",WRC,George Mason University ,WRC,Washington Figure Skating Club,WRC,,,Ilia Malinin (@the_quadg0d) / X,https://www.instagram.com/ilia_quadg0d_malinin/?hl=en,QuadGod (@ilia_quadg0d_malinin) | TikTok,X
,,X,Jason Brown,Male,Figure Skating,"Los Angeles, CA",KNBC,"Highland Park, IL ",WMAQ ,Toronto,,University of Colorado - Colorado Springs ,KOAA ,Skokie Valley Skating Club ,WMAQ,"2014, 2022 ",1 bronze,Jason Brown (@jasonbskates) / X,https://www.instagram.com/jasonbskates/?hl=en,Jason Brown (@jasonbskates) | TikTok,X
,,X,Maxim Naumov,Male,Figure Skating,"Hartford, CT",WVIT,"Simsbury, CT ",WVIT,"Norwood, MA",WBTS,,,SC of Boston,WBTS,,,,https://www.instagram.com/maximnaumov_/?hl=en,,X
,,X,Michael Parsons,Male,Figure Skating,"Wheaton, MD",WRC,"Derwood, MD ",WRC ,"Canton, MI",WDIV,Montgomery College,WRC ,Washington FSC ,WRC,,,,https://www.instagram.com/michaelap95/?hl=en,,X
,,X,Misha Mitrofanov,Male,Figure Skating,"Madison, WI",WMTV,"Plano, TX",KXAS,"Norwood, MA",WBTS,University of Texas at Dallas ,KXAS,Dallas FSC Plano / SC of Boston,KXAS / WBTS,,,,https://www.instagram.com/misha_mitrofanov97/?hl=en,,X
,,X,Spencer Howe,Male,Figure Skating,"Burbank, CA",KNBC,"Los Angeles, CA ",KNBC,"Norwood, MA",WBTS ,,,SC of Boston,WBTS,,,,https://www.instagram.com/spence_howe/?hl=en,,X
,,X,Vadym Kolesnik,Male,Figure Skating,"Kharkiv, Ukraine",,"Kharkiv, Ukraine",,"Novi, MI",WDIV,,,SC of New York ,WNBC,,,,https://www.instagram.com/vadym____kolesnik/#,Emi and Vadym (@zingaskolesnik33) | TikTok,X
,,X,Alisa Efimova,Female,Figure Skating,"Kouvola, Finland",,,,"Norwood, MA ",WBTS,,,Skating Club of Boston,WBTS ,,,,https://www.instagram.com/alisaefim/?hl=en,,X
,,X,Alysa Liu,Female,Figure Skating,"Clovis, CA",KSEE,"Richmond, CA ",KCRA,"Oakland, CA",KNTV,University of California Los Angeles (UCLA) ,KNBC,St. Mortiz Skating Club ,KNTV,2022,,,https://www.instagram.com/alysaxliu/?hl=en,,X
,,X,Amber Glenn,Female,Figure Skating,"Plano, TX",KXAS,"Plano, TX",KXAS,"Colorado Springs, CO ",KOAA,,,Dallas Figure Skating Club ,KXAS,,,Amber Glenn (@AmberGlenn_) / X,https://www.instagram.com/amberglenniceskater/?hl=en,Amber (@amberglenniceskater) | TikTok,X
,,X,Audrey Shin,Female,Figure Skating,"Islip, NY ",WNBC,"Northport, NY ",WNBC,"Oakville, Ontario ",,,,SC of New York ,WNBC,,,,https://www.instagram.com/audreyshin.skater,https://www.tiktok.com/@audreyshin.skater,X
,,X,Bradie Tennell,Female,Figure Skating,"Winfield, IL",WMAQ,"Carpentersville, IL ",WMAQ,"West Orange, NJ",WNBC,,,,,2018,1 bronze,Bradie Tennell (@bradie_tennell) / X,https://www.instagram.com/bradietennell/?hl=en,Bradie Tennell (@bradietennell18) | TikTok,X
,,X,Caroline Green,Female,Figure Skating,"Washington, DC",WRC,"Rockville, MD",WRC,"Canton, MI",WDIV,,,Pavilion SC of Cleveland Heights,WKYC,,,,https://www.instagram.com/caroline.g_103/?hl=en,,X
,,X,Christina Carreira,Female,Figure Skating,Montreal,,"St. Clair, MI ",WDIV,"London, Ontario / Montreal",,,,SC of New York ,WNBC,,,,https://www.instagram.com/christinacarreira/,Christina (@christina.carreira) | TikTok,X
,,X,Ellie Kam,Female,Figure Skating,"Yokota Air Base, Japan",,"Colorado Springs, CO",KOAA,"Colorado Springs, CO",KOAA,,,Thunderbirds FSC ,KOAA,,,,https://www.instagram.com/elliekam.w/#,elliekam.w (@elliekam.w) | TikTok,X
,,X,Emilea Zingas,Female,Figure Skating,"Grosse Pointe Farms, MI",WDIV,"Grosse Pointe Farms, MI",WDIV,"Novi, MI",WDIV,,,St. Clair Shores FSC,WDIV ,,,Emi Zingas (@emileazingas) / X,https://www.instagram.com/emileazingas/?hl=en,,X
,,X,Emily Chan,Female,Figure Skating,"Pasadena, TX",KPRC,"Pasadena, TX",KPRC,"Norwood, MA",WBTS,,,Dallas Figure Skating Club / SC of Boston ,WBTS ,,,,https://www.instagram.com/chopstickspin/?hl=en,,X
,,X,Isabeau Levito,Female,Figure Skating,"Philadelphia, PA",WCAU,"Mount Holly, NJ",WCAU ,"Mount Holly, NJ",WCAU ,,,Skating Club of Southern New Jersey ,WCAU ,,,,https://www.instagram.com/isabeau.levito/?hl=en,isabeau (@isabeau.levito) | TikTok,X
,,X,Katie McBeath,Female,Figure Skating,"Garfield Heights, OH",WKYC,"Garfield Heights, OH",WKYC,"Irvine, CA",KNBC,,,Winterhurst FSC ,WKYC,,,,https://www.instagram.com/katie_mcbeath/?hl=en,,X
,,X,Madison Chock,Female,Figure Skating,"Redondo Beach, CA",KNBC,"Novi, MI ",WDIV ,Montreal,,,,Ann Arbor FSC ,WDIV,"2014, 2018, 2022 ",1 gold,Madison Chock (@chockolate02) / X,https://www.instagram.com/madisonchock/?hl=en,Madison Chock (@chockolate02) | TikTok,X
,,X,Maia Shibutani,Female,Figure Skating,"New York, NY",WNBC,"Greenwich, CT / Ann Arbor, MI ",WDIV,,,,,,,"2014, 2018 ",2 bronze,,https://www.instagram.com/maiashibutani/?hl=en,,X
,,X,Sarah Everhardt,Female,Figure Skating,"Cherry Point, NC",WITN,"Haymarket, VA ",WRC,"Reston, VA ",WRC,,,Washington FSC ,WRC,,,,https://www.instagram.com/sarah.everhardt26/?hl=en,Sarah.Everhardt (@sarah.elizabeth811) | TikTok,X
,,X,Chris Lillis,Male,Freestyle Skiing (Aerials),"Rochester, NY",WHEC,"Pittsford, NY",WHEC,"Park City, UT",KSL ,University of Utah ,KSL,Bristol Mountain Freestyle Team,WHEC,2022,1 gold,Christopher Lillis (@chrislillisski) / X,https://www.instagram.com/chrislillis1/?hl=en,Chris Lillis (@chrislillis376) | TikTok,X
,,X,Connor Curran,Male,Freestyle Skiing (Aerials),"Cincinnati, OH",WLWT,"Sharonville, OH",WLWT,"Park City, UT",KSL ,Utah Valley University,KSL ,Park City Ski & Snowboard / Elite Aerial Development Program,KSL,,,,https://www.instagram.com/cj.curran1/?hl=en,,X
,,X,Justin Schoenefeld,Male,Freestyle Skiing (Aerials),"Lawrenceburg, IN ",WLWT,"Lawrenceburg, IN ",WLWT,"Park City, UT",KSL,Utah Valley University,KSL ,Perfect North Slopes / Elite Aerial Development Program,WLWT / WPTZ,2022,1 gold ,Justin Schoenefeld (@jrschoenefeld) / X,https://www.instagram.com/jrschoenefeld/feed/,Justin Schoenefeld (@justinschoenefeld) | TikTok,X
X,,X,Quinn Dehlinger,Male,Freestyle Skiing (Aerials),"Cincinnati, OH",WLWT,"Cincinnati, OH",WLWT,"Park City, UT ",KSL ,Salt Lake Community College,KSL,Elite Aerial Development Program,WPTZ,,,Quinn Dehlinger (@DehlingerQuinn) / X,https://www.instagram.com/quinndehlinger/,Quinn (@quinndehlinger) | TikTok,X
,,X,Ashley Caldwell,Female,Freestyle Skiing (Aerials),"Montgomery, MD",WRC,"Ashburn, VA",WRC,"Park City, UT ",KSL ,SUNY Empire State,WPTZ,Elite Aerial Development Program,WPTZ,"2010, 2014, 2018, 2022",1 gold ,Ashley Caldwell (@AshleySkis) / X,https://www.instagram.com/ashleyskis93/?hl=en,,X
,,X,Kaila Kuhn,Female,Freestyle Skiing (Aerials),"Petoskey, MI",WPBN,"Boyne City, MI ",WPBN,"Park City, UT",KSL,University of Utah ,KSL,Park City Ski & Snowboard / Elite Aerial Development Program,KSL / WPTZ,2022,,,https://www.instagram.com/kaila_m_kuhn/?hl=en,Kaila Kuhn (@kailakuhn3) | TikTok,X
,,X,Karenna Elliott,Female,Freestyle Skiing (Aerials),"Cincinnati, OH ",WLWT,"Cincinnati, OH ",WLWT,"Park City, UT",KSL,Utah Valley University,KSL ,Park City Ski & Snowboard ,KSL,,,,https://www.instagram.com/karenna.elliott/?hl=en,,X
,,X,Winter Vinecki,Female,Freestyle Skiing (Aerials),"Grand Rapids, MI",WOOD,"Gaylord, MI ",WPBN,"Park City, UT",KSL ,University of Utah / St. Mary's University School of Law,KSL,,,2022,,,https://www.instagram.com/wintervinecki/?hl=en,Winter Vinecki (@wintervinecki) | TikTok,X
X,,X,Alex Ferreira,Male,Freestyle Skiing (Halfpipe),"Aspen, CO",KUSA,"Aspen, CO",KUSA,"Aspen, CO",KUSA,Colorado Mountain College / Westminster College,KUSA / KSL ,Aspen Valley Ski & Snowboard ,KUSA,"2018, 2022","1 silver, 1 bronze",Alex Ferreira (@alexferreiraski) / X,https://www.instagram.com/alexferreiraski/?hl=en,Alex Ferreira (@alexferreiraski) | TikTok,X
,,X,Birk Irving,Male,Freestyle Skiing (Halfpipe),"Englewood, CO ",KUSA,"Winter Park, CO ",KUSA,"Steamboat Springs, CO ",KUSA,University of Utah ,KSL,Winter Park Competition Center,KUSA,2022,,,https://www.instagram.com/birkirving/?hl=en,Birk (@birkirving1) | TikTok,X
,,X,David Wise,Male,Freestyle Skiing (Halfpipe),"Reno, NV",KRNV,"Reno, NV",KRNV,"Reno, NV",KRNV,,,,,"2014, 2018, 2022 ","2 gold, 1 silver",David Wise (@mrDavidWise) / X,https://www.instagram.com/mrdavidwise/?hl=en,,X
,,X,Hunter Hess,Male,Freestyle Skiing (Halfpipe),"Bend, OR",KTVZ,"Bend, OR",KTVZ,"Park City, UT",KSL ,,,,,,,,https://www.instagram.com/hunterhess10/?hl=en,,X
,,X,Matt Labaugh,Male,Freestyle Skiing (Halfpipe),"Rye, NY ",WNBC,"Rye, NY ",WNBC,,,Colorado Mountain College,KUSA,Ski and Snowboard Club Vail,KUSA,,,,https://www.instagram.com/mattlabaugh/?hl=en,,X
,,X,Nick Goepper,Male,Freestyle Skiing (Halfpipe),"Fort Wayne, IN",WPTA,"Lawrenceburg, IN ",WLWT,"Salt Lake City, UT ",KSL ,Westminster University ,KSL ,,,"2014, 2018, 2022","2 silver, 1 bronze",,https://www.instagram.com/nickgoepper/?hl=en,Nick Goepper (@nickgoepper) | TikTok,X
,,X,Hanna Faulhaber,Female,Freestyle Skiing (Halfpipe),"Aspen, CO",KUSA,"Basalt, CO ",KUSA,,,,,Aspen Valley Ski & Snowboard,KUSA,2022,,Hanna Faulhaber (@hannafaulhaber1) / X,https://www.instagram.com/hanna_faulhaber/?hl=en,Hanna Faulhaber (@hbfskier) | TikTok,X
,,X,Kate Gray,Female,Freestyle Skiing (Halfpipe),"Mammoth Lakes, CA",KSEE,"Mammoth Lakes, CA",KSEE,"Mammoth Lakes, CA",KSEE,,,Mammoth Mountain Freeski Team ,KSEE,,,,https://www.instagram.com/_kate_gray/?hl=en,,X
,,X,Piper Arnold,Female,Freestyle Skiing (Halfpipe),"South Lake Tahoe, CA ",KCRA / KRNV,"South Lake Tahoe, CA ",KCRA / KRNV,,,,,Sierra at Tahoe Education Foundation,KCRA / KRNV,,,,https://www.instagram.com/pipe_dog/?hl=en,,X
,,X,Riley Jacobs,Female,Freestyle Skiing (Halfpipe),"Steamboat Springs, CO ",KUSA,"Oak Creek, CO ",KUSA,"Oak Creek, CO ",KUSA,"University of Colorado, Denver",KUSA,Steamboat Springs Winter Sports Club,KUSA,,,,https://www.instagram.com/flying_riley_jacobs/?hl=en,,X
,,X,Svea Irving,Female,Freestyle Skiing (Halfpipe),"Winter Park, CO ",KUSA,"Winter Park, CO ",KUSA,,,"University of Colorado, Boulder",KUSA,Winter Park Freeski Team ,KUSA ,,,,https://www.instagram.com/sveairving/?hl=en,Svea (@sveairving) | TikTok,X
,,X,Asher Michel,Male,Freestyle Skiing (Moguls),,,"Tabernash, CO ",KUSA,"Park City, UT ",KSL ,University of Utah ,KSL ,Winter Park Competition Center,KUSA,,,,https://www.instagram.com/asher.michel/?hl=en,,X
,,X,Charlie Mickel,Male,Freestyle Skiing (Moguls),"Durango, CO ",KOB,"Durango, CO ",KOB,"Park City, UT ",KSL ,University of Utah ,KSL,Durango Winter Sports Club,KOB,,,,https://www.instagram.com/charlie_mickel1/?hl=en,Charlie Mickel (@charliemickel) | TikTok,X
,,X,Dylan Walczyk,Male,Freestyle Skiing (Moguls),"Rochester, NY",WHEC,"Rochester, NY",WHEC,"Breckenridge, CO",KUSA,,,Bristol Mountain Freestyle Team / Ski & Snowboard Club Vail,WHEC / KUSA,2022,,,https://www.instagram.com/dylan_walczyk/?hl=en,,X
,,X,Nick Page,Male,Freestyle Skiing (Moguls),"Hollywood, FL ",WTVJ,"Park City, UT ",KSL ,"Park City, UT ",KSL ,,,Wasatch Freestyle,KSL,2022,,Nick Page (@nickpage_ski) / X,https://www.instagram.com/nickpage.ski/?hl=en,Nick Page (@nickpage.ski) | TikTok,X
,,X,Alli Macuga,Female,Freestyle Skiing (Moguls),"Park City, UT ",KSL ,"Park City, UT ",KSL ,"Park City, UT ",KSL ,University of Utah ,KSL ,Park City Ski & Snowboard ,KSL,,,,https://www.instagram.com/alli_macuga/?hl=en,Alli Macuga (@alli_.macuga) | TikTok,X
X,,X,Jaelin Kauf,Female,Freestyle Skiing (Moguls),"Vail, CO",KUSA,"Alta, WY ",KPVI,"Salt Lake City, UT",KSL,University of Utah ,KSL,Steamboat Springs Winter Sports Club,KUSA,2022,1 silver,Jaelin Kauf (@JaeBird96) / X,https://www.instagram.com/jaekauf/?hl=en,,X
,,X,Kai Owens,Female,Freestyle Skiing (Moguls),"Lu'An, China",,"Vail, CO ",KUSA,"Park City, UT",KSL,University of Utah ,KSL,Ski and Snowboard Club Vail,KUSA,2022,,Kai Owens (@KaiOwens14) / X,https://www.instagram.com/_kaiowens/,kai (@kai.owens) | TikTok,X
,,X,Kasey Hogg,Female,Freestyle Skiing (Moguls),,,"Kensington, NH",WBTS,"Park City, UT",KSL,University of Utah ,KSL,,,,,,https://www.instagram.com/kaseyhogg/?hl=en,Kasey Hogg (@kaseyhogg) | TikTok,X
,,X,Kylie Kariotis,Female,Freestyle Skiing (Moguls),,,"Tiburon, CA ",KNTV,"Park City, UT",KSL,Boston College,WBTS,Wasatch Freestyle,KSL,,,,https://www.instagram.com/kyliekariotis/?hl=en,,X
,,X,Olivia Giaccio,Female,Freestyle Skiing (Moguls),"Mount Kisco, NY",WNBC,"Redding, CT ",WVIT,"Park City, UT ",KSL ,Columbia University,WNBC,Steamboat Springs Winter Sports Club,KUSA,2022,,,https://www.instagram.com/oliviagiaccio/?hl=en,,X
,,X,Tess Johnson,Female,Freestyle Skiing (Moguls),"Vail, CO ",KUSA,"Vail, CO ",KUSA,"Vail, CO",KUSA,Vail Ski and Snowboard Academy ,KUSA,,,2018,,,https://www.instagram.com/_tessjohnson/?hl=en,,X
,,X,Tyler Wallasch,Male,Freestyle Skiing (Ski Cross),"Los Angeles, CA ",KNBC,"Mammoth Lakes, CA",KSEE,"Alpine, WY ",KPVI,,,Mammoth Mountain Ski Team ,KSEE ,2022,,Tyler Wallasch (@TJWallasch) / X,https://www.instagram.com/tjwallasch/?hl=en,,X
,,X,Maggie Swain,Female,Freestyle Skiing (Ski Cross),"Kingfield, ME ",WCSH,"Kingfield, ME ",WCSH,"Kingfield, ME ",WCSH,Carrabassett Valley Academy,WCSH,,,,,,https://www.instagram.com/maggie.swain11/?hl=en,,X
,,X,Morgan Shute,Female,Freestyle Skiing (Ski Cross),,,"Allendale, NJ ",WNBC,,,Carrabassett Valley Academy,WCSH,,,,,,https://www.instagram.com/morgan.shute/?hl=en,,X
X,,X,Alex Hall,Male,Freestyle Skiing (Slopestyle/Big Air),"Fairbanks, AK",KTVF,"Zurich, Switzerland",,"Park City, UT",KSL ,University of Utah ,KSL ,Park City Ski & Snowboard ,KSL,"2018, 2022",1 gold ,,https://www.instagram.com/alexhallskiing/?hl=en,,X
,,X,Colby Stevenson,Male,Freestyle Skiing (Slopestyle/Big Air),"Portsmouth, NH",WBTS,"Park City, UT",KSL ,"Park City, UT",KSL ,Westminster College,KSL,Park City Ski & Snowboard ,KSL,2022,1 silver,,https://www.instagram.com/colby_stevenson/?hl=en,colbystevenson.skiing (@colbystevenson.skiing) | TikTok,X
,,X,Jay Riccomini,Male,Freestyle Skiing (Slopestyle/Big Air),,,"Port Matilda, PA ",WJAC,"Park City, UT",KSL,,,Park City Ski & Snowboard ,KSL,,,,https://www.instagram.com/jay_riccomini/?hl=en,,X
,,X,Konnor Ralph,Male,Freestyle Skiing (Slopestyle/Big Air),"Helena, MT",KTVH,"Helena, MT",KTVH,"Park City, UT",KSL,,,,,,,,https://www.instagram.com/konnorralph//,,X
,,X,Mac Forehand,Male,Freestyle Skiing (Slopestyle/Big Air),"Norwalk, CT",WNBC,"Winhall, VT",WPTZ,"Park City, UT",KSL,,,Stratton Mountain School ,WPTZ / WNYT,2022,,,https://www.instagram.com/macforehand/?hl=en,,X
,,X,Troy Podmilsak,Male,Freestyle Skiing (Slopestyle/Big Air),"Park City, UT ",KSL ,"Park City, UT ",KSL ,"Park City, UT ",KSL ,,,Park City Ski & Snowboard ,KSL,,,,https://www.instagram.com/troypodmilsak/,Troy Podmilsak (@troypodmilsak) | TikTok,X
,,X,Grace Henderson,Female,Freestyle Skiing (Slopestyle/Big Air),"Durham, NH",WBTS,"Madbury, NH",WBTS,"Park City, UT ",KSL ,University of Utah ,KSL,Waterville Valley BBTS,WBTS,,,,https://www.instagram.com/grace_henderson/,Grace Henderson (@gracehendersonski) | TikTok,X
,,X,Marin Hamill,Female,Freestyle Skiing (Slopestyle/Big Air),"Salt Lake City, UT ",KSL ,"Park City, UT ",KSL ,"Park City, UT",KSL,University of Utah ,KSL,Park City Ski & Snowboard ,KSL,2022,,,https://www.instagram.com/i.go.hamill/?hl=en,,X
,,X,Rell Harwood,Female,Freestyle Skiing (Slopestyle/Big Air),"Park City, UT ",KSL ,"Park City, UT ",KSL ,"Park City, UT ",KSL ,University of Utah ,KSL,Park City Ski & Snowboard ,KSL,,,,https://www.instagram.com/rellharwood/?hl=en,,X
,,X,Adam Fox,Male,Hockey,"Jericho, NY ",WNBC,"Jericho, NY ",WNBC,,,Harvard University ,WBTS,New York Rangers ,WNBC,,,,https://www.instagram.com/foxyclean/?hl=en,Adam Fox (@foxyclean) / X,X
X,,X,Auston Matthews,Male,Hockey,"San Ramon, CA",KNTV,"Scottsdale, AZ ",KPNX,"Scottsdale, AZ ",KPNX,,,Toronto Maple Leafs,,,,Auston Matthews (@AM34) / X,https://www.instagram.com/austonmatthews/?hl=en,,X
X,,X,Brady Tkachuk,Male,Hockey,"Scottsdale, AZ ",KPNX,"St. Louis, MO ",KSDK,,,Boston University ,WBTS,Ottawa Senators,,,,brady tkachuk (@BradyTkachuk71) / X,https://www.instagram.com/bradytkachuk/?hl=en,BradyTkachuk (@btkachuk) | TikTok,X
,,X,Brock Faber,Male,Hockey,"Maple Grove, MN ",KARE,"Maple Grove, MN ",KARE,,,University of Minnesota ,KARE,Minnesota Wild ,KARE,2022,,Brock Faber (@Brockfaber14) / X,https://www.instagram.com/brockfaber14/?hl=en,,X
,,X,Brock Nelson,Male,Hockey,"Warroad, MN ",KVLY,"Warroad, MN ",KVLY,,,University of North Dakota,KVLY,Colorado Avalanche ,KUSA,,,,,,X
X,,X,Charlie McAvoy,Male,Hockey,"Long Beach, NY ",WNBC,"Long Beach, NY ",WNBC,"Boston, MA ",WBTS,Boston University ,WBTS,Boston Bruins,WBTS,,,Charlie McAvoy (@CMcAvoy44) / X,https://www.instagram.com/cmcavoy25/?hl=en,,X
,,X,Chris Kreider,Male,Hockey,"Boxford, MA ",WBTS,"Boxford, MA ",WBTS,,,Boston College ,WBTS,Anaheim Ducks ,KNBC,,,,,,X
,,X,Connor Hellebuyck,Male,Hockey,"Commerce, MI",WDIV,"Commerce, MI",WDIV,"Orchard Lake, MI ",WDIV,University of Massachusetts Lowell,WBTS,Winnipeg Jets ,,,,,,,X
,,X,Dylan Larkin,Male,Hockey,"Waterford Township, MI ",WDIV,"Waterford Township, MI ",WDIV,,,University of Michigan ,WDIV,Detroit Red Wings ,WDIV,,,Dylan Larkin (@Dylanlarkin39) / X,https://www.instagram.com/dylanlarkin71/?hl=en,,X
,,X,J.T. Miller,Male,Hockey,"East Palestine, OH ",WFMJ,"East Palestine, OH ",WFMJ,,,,,New York Rangers,WNBC,,,,https://www.instagram.com/j.tmiller9/?hl=en,,X
,,X,Jaccob Slavin,Male,Hockey,"Denver, CO ",KUSA,"Erie, CO ",KUSA ,,,Colorado College ,KOAA,Carolina Hurricanes ,WRAL,,,Jaccob Slavin (@Jslavin74) / X,https://www.instagram.com/jslavin74/,,X
X,,X,Jack Eichel,Male,Hockey,"North Chelmsford, MA ",WBTS,"North Chelmsford, MA ",WBTS,,,Boston University ,WBTS,Vegas Golden Knights ,KSNV,,,Jack Eichel (@jackeichel) / X,https://www.instagram.com/jackeichel/?hl=en,,X
,,X,Jack Hughes,Male,Hockey,"Orlando, FL ",WESH,"Toronto / Plymouth, MI ",WDIV,,,,,New Jersey Devils ,WNBC,,,jack hughes (@jhugh86) / X,https://www.instagram.com/jackhughes/?hl=en,Jack Hughes (@jackhughes) | TikTok,X
,,X,Jake Guentzel,Male,Hockey,"Omaha, NE ",WOWT,"Woodbury, MN ",KARE,,,University of Nebraska Omaha,WOWT,Tampa Bay Lightning,WFLA,,,,https://www.instagram.com/jakenbake20/?hl=en,,X
,,X,Jake Oettinger,Male,Hockey,"Lakeville, MN ",KARE,"Lakeville, MN ",KARE,,,Boston University ,WBTS,Dallas Stars ,KXAS,,,,https://www.instagram.com/jake30oettinger/?hl=en,,X
,,X,Jake Sanderson,Male,Hockey,"Whitefish, MT ",KCFW,"Whitefish, MT ",KCFW,,,University of North Dakota ,KVLY,Ottawa Senators,,2022,,,https://www.instagram.com/_jakesanderson/?hl=en,,X
,,X,Jeremy Swayman,Male,Hockey,"Anchorage, AK ",KTUU,"Anchorage, AK ",KTUU,,,University of Maine ,WLBZ,Boston Bruins,WBTS,,,Jeremy Swayman (@JeremySwayman) / X,https://www.instagram.com/jswayman1/?hl=en,,X
,,X,Kyle Connor,Male,Hockey,"Shelby Township, MI ",WDIV ,"Shelby Township, MI ",WDIV ,,,University of Michigan ,WDIV ,Winnipeg Jets ,,,,Kyle Connor (@KyleConnor) / X,https://www.instagram.com/kyleconnor/?hl=en,,X
,,X,Matt Boldy,Male,Hockey,"Milford, MA ",WBTS,"Millis, MA ",WBTS,"Millis, MA ",WBTS,Boston College,WBTS,Minnesota Wild,KARE ,,,Matt Boldy (@MattBoldy12) / X,https://www.instagram.com/mattboldy/,,X
,,X,Matthew Knies,Male,Hockey,"Phoenix, AZ ",KPNX,"Phoenix, AZ ",KPNX,,,University of Minnesota ,KARE,Toronto Maple Leafs,,2022,,,https://www.instagram.com/matthewknies/,,X
X,,X,Matthew Tkachuk,Male,Hockey,"Scottsdale, AZ ",KPNX,"St. Louis, MO ",KSDK,,,,,Florida Panthers ,WTVJ,,,Matthew Tkachuk (@TKACHUKycheese_) / X,https://www.instagram.com/matthew_tkachuk/,Matthew Tkachuk (@matthew_tkachuk) | TikTok,X
,,X,Noah Hanafin,Male,Hockey,"Boston, MA ",WBTS,"Norwood, MA ",WBTS,,,Boston College,WBTS,Vegas Golden Knights ,KSNV,,,,,,X
,,X,Patrick Kane,Male,Hockey,"Buffalo, NY",WGRZ,"Buffalo, NY",WGRZ,,,,,Detroit Red Wings,WDIV ,"2010, 2014 ",1 silver,Patrick Kane (@88PKane) / X,,,X
X,,X,Quinn Hughes,Male,Hockey,"Orlando, FL",WESH,"Toronto / Plymouth, MI ",WDIV,,,University of Michigan ,WDIV ,Vancouver Canucks ,,,,,https://www.instagram.com/_quinnhughes/,,X
,,X,Ryan McDonagh,Male,Hockey,"St. Paul, MN",KARE,"St. Paul, MN",KARE,,,University of Wisconsin,WMTV,Tampa Bay Lightning,WFLA,2014,,,https://www.instagram.com/rmcdonagh27/,,X
,,X,Vincent Trocheck,Male,Hockey,"Pittsburgh, PA ",WPXI,"Pittsburgh, PA ",WPXI,,,,,New York Rangers,WNBC,,,Vincent Trocheck (@V_Trocheck) / X,https://www.instagram.com/trocheck_21/,,X
,,X,Zach Werenski,Male,Hockey,"Grosse Pointe, MI ",WDIV,"Grosse Pointe, MI ",WDIV,,,University of Michigan ,WDIV ,Columbus Blue Jackets ,WCMH,,,Zach Werenski (@ZachWerenski) / X,https://www.instagram.com/zachwerenski/,,X
,,X,Alex Carpenter,Female,Hockey,"North Reading, MA ",WBTS,"North Reading, MA ",WBTS,,,Boston College,WBTS,Seattle Torrent (PWHL),KING,"2014, 2022",2 silver,Alex Carpenter (@carpy05) / X,https://www.instagram.com/carpy05/?hl=en,,X
,,X,Ava McNaughton,Female,Hockey,"Wexford, PA ",WPXI,"Seven Fields, PA ",WPXI,,,University of Wisconsin ,WMTV,,,,,,https://www.instagram.com/ava.mcnaughton/?hl=en,,X
,,X,Britta Curl-Salemme,Female,Hockey,"Bismarck, ND ",KFYR,"Bismarck, ND ",KFYR,,,University of Wisconsin ,WMTV,Minnesota Frost (PWHL),KARE,,,Britta Curl-Salemme (@brittacurl) / X,https://www.instagram.com/brittybrittybangbang_/?hl=en,,X
,,X,Caroline Harvey,Female,Hockey,"Pelham, NH",WBTS,"Salem, NH",WBTS,,,University of Wisconsin ,WMTV,,,2022,1 silver,,https://www.instagram.com/caroline_harvey__/?hl=en,,X
,,X,Cayla Barnes,Female,Hockey,"Eastvale, CA ",KNBC,"Eastvale, CA ",KNBC,,,Boston College / Ohio State University ,WBTS / WCMH,Seattle Torrent (PWHL),KING,"2018, 2022 ","1 gold, 1 silver",Cayla Barnes (@Cayla_barnes27) / X,https://www.instagram.com/cayla_barnes27/?hl=en,,X
,,X,Grace Zumwinkle,Female,Hockey,"Excelsior, MN ",KARE,"Excelsior, MN ",KARE,,,University of Minnesota ,KARE,Minnesota Frost (PWHL),KARE,2022,1 silver,Grace Zumwinkle (@gracezumwinkle) / X,https://www.instagram.com/gracezumwinkle/?hl=en,,X
,,X,Hayley Scamurra,Female,Hockey,"Williamsville, NY ",WGRZ,"Getzville, NY",WGRZ,,,Northeastern University ,WBTS,Montreal Victoire (PWHL) ,,2022,1 silver,,https://www.instagram.com/hayleyscamurra/?hl=en,,X
,,X,Hilary Knight,Female,Hockey,"Palo Alto, CA ",KNTV,"Sun Valley, ID ",KTFT,"Salt Lake City, UT",KSL,University of Wisconsin ,WMTV,Seattle Torrent (PWHL),KING,"2010, 2014, 2018, 2022","1 gold, 3 silver",Hilary Knight (@HilaryKnight) / X,https://www.instagram.com/hilaryknight/?hl=en,Hilary Knight (@hilaryknight) | TikTok,X
,,X,Jesse Compher,Female,Hockey,"Northbrook, IL ",WMAQ,"Northbrook, IL ",WMAQ,,,Boston University ,WBTS,Toronto Sceptres (PWHL) ,,2022,1 silver,Jesse Compher (@JessComph7) / X,https://www.instagram.com/jessecompher/?hl=en,Jesse Compher (@jessecompher) | TikTok,X
,,X,Joy Dunne,Female,Hockey,"St. Louis, MO ",KSDK,"O'Fallon, MO ",KSDK,,,Ohio State University ,WCMH,,,,,,https://www.instagram.com/joyv_dunne/?hl=en,,X
,,X,Kelly Pannek,Female,Hockey,"Plymouth, MN ",KARE,"Plymouth, MN ",KARE,,,University of Minnesota ,KARE,Minnesota Frost (PWHL) ,KARE ,"2018, 2022","1 gold, 1 silver",Kelly Pannek (@KellyPannek) / X,https://www.instagram.com/kpannek/,,X
,,X,Kendall Coyne Schofield,Female,Hockey,"Oak Lawn, IL",WMAQ,"Palos Heights, IL ",WMAQ ,"Palos Heights, IL ",WMAQ ,Northeastern University ,WBTS,Minnesota Frost (PWHL) ,KARE ,"2014, 2018, 2022","1 gold, 2 silver",Kendall Coyne Schofield (@KendallCoyne) / X,https://www.instagram.com/kendallcoyne26/,,X
,,X,Kirsten Simms,Female,Hockey,"Plymouth, MI ",WDIV ,"Plymouth, MI ",WDIV ,,,University of Wisconsin ,WMTV,,,,,Kirsten Simms (@simmsy0427) / X,https://www.instagram.com/simmsy22/?hl=en,Kirsten Simms (@ksimms22) | TikTok,X
,,X,Laila Edwards,Female,Hockey,"Cleveland Heights, OH ",WKYC,"Cleveland Heights, OH ",WKYC,,,University of Wisconsin ,WMTV,,,,,Laila Edwards (@laila_edwards21) / X,https://www.instagram.com/laila_edwards/?hl=en,laila edwards (@ledwards21) | TikTok,X
,,X,Lee Stecklein,Female,Hockey,"St. Paul, MN",KARE,"Roseville, MN",KARE,,,University of Minnesota ,KARE,Minnesota Frost (PWHL) ,KARE ,"2014, 2018, 2022","1 gold, 2 silver",Lee Stecklein (@LeeSteck2) / X,https://www.instagram.com/leestecklein/,,X
,,X,Megan Keller,Female,Hockey,"Farmington Hills, MI ",WDIV,"Farmington Hills, MI ",WDIV,,,Boston College,WBTS,Boston Fleet (PWHL) ,WBTS,"2018, 2022","1 gold, 1 silver",Megan Keller (@megan_keller4) / X,https://www.instagram.com/megankeller4/,Megan Keller (@megankeller.5) | TikTok,X
,,X,Taylor Heise,Female,Hockey,"Lake City, MN",KARE,"Lake City, MN",KARE,,,University of Minnesota ,KARE,Minnesota Frost (PWHL) ,KARE ,,,Taylorheise9 (@taylorheise9) / X,https://www.instagram.com/taylorheise9/,taylorheise (@taylorheise) | TikTok,X
,,X,Sean Hollander,M,Luge (Men's Doubles),"Lake Placid, NY",WPTZ,"Lake Placid, NY",WPTZ,"Lake Placid, NY",WPTZ,,,,,2022,,,https://www.instagram.com/seanhollander/,,
,,X,Zack Di Gregorio,M,Luge (Men's Doubles),"Medway, MA",WBTS,"Medway, MA",WBTS,"Medway, MA",WBTS,,,,,2022,,,https://www.instagram.com/zdigregorio/,https://www.tiktok.com/@zackdigregorio,
,,X,Chris Mazdzer,M,Luge (Men's Singles),"Pittsfield, MA",WNYT,"Saranac Lake, NY",WPTZ,"Salt Lake City, UT",KSL,DeVry University,WNBC,,,"2010, 2014, 2018, 2022",1 silver,,https://www.instagram.com/mazdzer/?hl=en,,
,,X,Johnny Gustafson,M,Luge (Men's Singles),"Massena, NY",WPTZ,"Massena, NY",WPTZ,"Massena, NY",WPTZ,,,,,2022,,,https://www.instagram.com/jonnygustafson/,,
,,X,Tucker West,M,Luge (Men's Singles),"Danbury, CT",WVIT,"Ridgefield, CT",WVIT,"Lake Placid, NY",WPTZ,Union College,WNYT,,,"2014, 2018, 2022",,https://x.com/tuckerwest1,https://www.instagram.com/tuckerwest1/,,
,,X,Ashley Farquharson,F,Luge (Women's Singles),"Sacramento, CA",KCRA,"Park City, UT",KSL,"Park City, UT",KSL,,,,,2022,,,https://www.instagram.com/far.quhar.son/?hl=en,,
,,X,Emily Fischnaller (née Sweeney),F,Luge (Women's Singles),"Portland, ME",WCSH,"Suffield, CT",WVIT,"Lake Placid, NY",WPTZ,,,,,"2018, 2022",,,https://www.instagram.com/ecsweens/,,
,,X,Summer Britcher,F,Luge (Women's Singles),"Baltimore, MD",WBAL,"Glen Rock, PA",WGAL,"Lake Placid, NY",WPTZ,DeVry University,WNBC,,,"2014, 2018, 2022",,https://x.com/summerbritcher,https://www.instagram.com/summerbelle/,,
,,X,Sophia Kirkby,F,Luge (Women's Doubles),"Ray Brook, NY",WPTZ,"Ray Brook, NY",WPTZ,"Ray Brook, NY",WPTZ,,,,,,,,https://www.instagram.com/sophia.kirkby/?hl=en,https://www.tiktok.com/@sophia.kirkby,
,,X,Chevonne Forgan,F,Luge (Women's Doubles),"Adelaide, Australia",,"Chelmsford, MA",WBTS,"Lake Placid, NY",WPTZ,,,,,,,,https://www.instagram.com/chev.forg/?hl=en,,
,,X,Ben Loomis,M,Nordic Combined,"Eau Claire, WI",WEAU,"Eau Claire, WI",WEAU,"Park City, UT",KSL,The Winter Sports School,KSL,,,"2018, 2022",,https://x.com/Lenboomis,https://www.instagram.com/lenboomis/,,
,,X,Jared Shumate,M,Nordic Combined,"Park City, UT",KSL,"Park City, UT",KSL,"Park City, UT",KSL,,,,,2022,,,https://www.instagram.com/jared_shumate/,,
,,X,Stephen Schumann,M,Nordic Combined,"Park City, UT",KSL,"Park City, UT",KSL,"Park City, UT",KSL,,,,,2022,,https://x.com/stephen_schu?lang=en,https://www.instagram.com/stephen_schumann/?hl=en,,
,,X,Taylor Fletcher,M,Nordic Combined,"Steamboat Springs, CO",KUSA,"Steamboat Springs, CO",KUSA,"Park City, UT",KSL,Westminster College,KSL,,,"2010, 2014, 2018, 2022",,https://x.com/tfletchernordic,https://www.instagram.com/tfletchernordic/,,
,,X,Ryan Pivirotto,M,Short Track,"Ann Arbor, MI",WDIV,"Ann Arbor, MI",WDIV,"Salt Lake City, UT",KSL,Salt Lake Community College,KSL,,,2022,,https://x.com/ryanpivirotto,https://www.instagram.com/thepivo/,,
,,X,Corinne Stoddard,F,Short Track,"Seattle, WA",KING,"Tacoma, WA",KING,"Seattle, WA",KING,,,,,2022,,,https://www.instagram.com/c0rie815/,https://www.tiktok.com/@fastbutunstable,
,,X,Eunice Lee,F,Short Track,South Korea,,"Bellevue, WA",KING,,,,,,,,,,https://www.instagram.com/lee_eunice_,,
,,X,Kristen Santos-Griswold,F,Short Track,"Fairfield, CT",WNBC,"Fairfield, CT",WNBC,"Salt Lake City, UT",KSL,,,,,2022,,,https://www.instagram.com/kristensantos/?hl=en,https://www.tiktok.com/@kristen_santos,
,,X,Andrew Heo,M,Short Track ,"Warrington, PA",WCAU,"Warrington, PA",WCAU,"Salt Lake City, UT",KSL,,,,,"2018, 2022",,,https://x.com/heo_andrew,https://www.tiktok.com/@andrewjheo,
,,X,Julie Letai,F,Short Track ,"Medfield, MA",WBTS,"Medfield, MA",WBTS,"Salt Lake City, UT",KSL,University of Utah,KSL,,,2022,,https://x.com/Julie_letai,https://www.instagram.com/letaijulie,https://www.tiktok.com/@imjulieandimhappy,
,,X,Andrew Blaser,M,Skeleton ,"Boise, ID",KTVB,"Meridian, ID",KTVB,,,University of Idaho,,,,2022,,,https://www.instagram.com/andrewblaser,,
,,X,Katie Uhlaender,F,Skeleton ,"Vail, CO",KUSA,"Breckenridge, CO",KUSA,"Breckenridge, CO",KUSA,Colorado Mountain College,KUSA,,,"2006, 2010, 2014, 2018, 2022",,https://x.com/Katieu11,https://www.instagram.com/Kateu11,https://www.tiktok.com/@Kateu11,
,,X,Kelly Curtis,F,Skeleton ,"Princeton, NJ",WNBC,"Spring Grove, IL",WNBC,"Aviano, Italy",,Springfield College,WWLP,,,2022,,https://x.com/KellyCurtisUSA,https://www.instagram.com/kellycurtisusa/?hl=en,,
,,X,Mystique Ro,F,Skeleton ,"Oceanside, CA",KNSD,"Nokesville, VA",WRC,"Lake Placid, NY",WPTZ,Queens University of Charlotte,WCNC,,,,,https://x.com/mystiquefloro,https://www.instagram.com/mystiquero,https://www.tiktok.com/@mystiquero,
,,,Austin Florian,M,Skeleton ,"Southington, CT",WNBC,"Southington, CT",WNBC,"Southington, CT",WNBC,Clarkson University,,,,,,,https://www.instagram.com/afloskiah,,
,,X,Decker Dean,M,Ski Jumping,"Steamboat Springs, CO",KUSA,"Steamboat Springs, CO",KUSA,"Steamboat Springs, CO",KUSA,,,,,2022,,https://x.com/decker_dean,https://www.instagram.com/deckerdean,,
,,X,Kevin Bickner,M,Ski Jumping,"Lake Forest, IL",WMAQ,"Park City, UT",WMAQ,"Park City, UT",KSL,DeVry University,WNBC,Norge Ski Club,WMAQ,"2018, 2022",,https://x.com/KevinBickner,https://www.instagram.com/kevinbickner/,,
,,X,Anna Hoffmann,F,Ski Jumping,"Madison, WI",WMTV,"Madison, WI",WMTV,"Salt Lake City, UT",KSL,University of Utah,KSL,,,2022,,https://x.com/hoffmann__anna,https://www.instagram.com/anna__hoffmann,,
,,X,Lucas Foster,M,Snowboarding (Halfpipe),"Telluride, CO",KKCO,"Telluride, CO",KKCO,"Telluride, CO",KKCO,,,Jim Smith Club,KKCO,2022,,https://x.com/lucasfoster_,https://www.instagram.com/lucasfoster_/,,
,,X,Alessandro Barbieri,M,Snowboarding (Halfpipe),"Portland, OR",KGW,"Portland, OR",KGW,"Portland, OR",KGW,,,Tahoe Select Snowboard Team,KCRA / KRNV,,,,https://www.instagram.com/alessandro_pdx/?hl=en,,
,,X,Joey Okesson,M,Snowboarding (Halfpipe),"Southbury, CT",WVIT,"Southbury, CT",WVIT,"Southbury, CT",WVIT,Sacred Heart University,WVIT,,,,,,https://www.instagram.com/joeyokesson/,,
,,X,Taylor Gold,M,Snowboarding (Halfpipe),"Steamboat Springs, CO",KUSA,"Steamboat Springs, CO",KUSA,"Breckenridge, CO",KUSA,University of Colorado,KUSA,Steamboat Springs Winter Sports Club,KUSA,"2014, 2022",,,https://www.instagram.com/taylor_gold/?hl=en,,
,,X,Chase Josey,M,Snowboarding (Halfpipe),"Hailey, ID",KTFT,"Sun Valley, NV",KRNV,"Hailey, ID",KTFT,,,Sun Valley Education Foundation,KTFT,"2018, 2022",,,https://www.instagram.com/chasejosey/,,
,,X,Maddy Schaffrick,F,Snowboarding (Halfpipe),"Steamboat Springs, CO",KUSA,"Steamboat Springs, CO",KUSA,"Steamboat Springs, CO",KUSA,,,Steamboat Springs Winter Sports Club,KUSA,,,,https://www.instagram.com/maddyschaffrick/?hl=en,,
,,X,Bea Kim,F,Snowboarding (Halfpipe),"Palos Verdes, CA",KNBC,"Palos Verdes, CA",KNBC,"Mammoth Lakes, CA",KCRA,Columbia University,WNBC,Mammoth Mountain Snowboard Team,KCRA,,,,https://www.instagram.com/hellobeakim/,,
X,,X,Chloe Kim,F,Snowboarding (Halfpipe),"Long Beach, CA",KNBC,"Torrance, CA",KNBC,"Mammoth Lakes, CA",KCRA,Princeton University,WNBC,Mammoth Mountain Snowboard Team,KCRA,"2018, 2022",2 gold,https://x.com/ChloeKim,https://www.instagram.com/chloekimsnow/,,
,,X,Maddie Mastro,F,Snowboarding (Halfpipe),"Loma Linda, CA",KNBC,"Wrightwood, CA",KNBC,"Mammoth Lakes, CA",KCRA,,,Mammoth Mountain Snowboard Team,,"2018, 2022",,https://x.com/maddie_mastro,https://www.instagram.com/maddie_mastro/,,
,,X,Zoe Kalapos,F,Snowboarding (Halfpipe),"Beverly Hills, MI",WDIV,"Vail, CO",KUSA,"Avon, CO",KUSA,,,,,2022,,https://x.com/zoekalapos,https://www.instagram.com/zoe_kalapos/,,
,,X,Cody Winters,M,Snowboarding (Parallel Giant Slalom),"Steamboat Springs, CO",KUSA,"Steamboat Springs, CO",KUSA,"Steamboat Springs, CO",KUSA,,,,,2022,,,https://www.instagram.com/_cody_winters_/,,
,,X,Robby Burns,M,Snowboarding (Parallel Giant Slalom),"Mount Shasta, CA",KNVN,"Mount Shasta, CA",KNVN,"Steamboat Springs, CO",KUSA,,,,,2022,,,https://www.instagram.com/robby.burns.snowboarding/,,
,,X,Chris Corning,M,Snowboarding (Slopestyle/Big Air),"Silverthorne, CO",KUSA,"Silverthorne, CO",KUSA,"Aspen, CO",KUSA,,,Aspen Valley Ski & Snowboard Club,KUSA,"2018, 2022",,https://x.com/chris_corning10?,https://www.instagram.com/chriscorning/,,
,,X,Ollie Martin,M,Snowboarding (Slopestyle/Big Air),"Wellington, New Zealand",,"Wolcott, CO",KUSA,"Wolcott, CO",KUSA,,,Ski & Snowboard Club Vail,KUSA,,,,https://www.instagram.com/olliejamesmartin/?hl=en,,
,,X,Judd Henkes,M,Snowboarding (Slopestyle/Big Air),"La Jolla, CA",KNSD,"La Jolla, CA",KNSD,"Mammoth Lakes, CA",KUSA,,,Mammoth Mountain Snowboard Team,KUSA,,,,https://www.instagram.com/juddhenkes/?hl=en,,
,,X,Brooklyn DePriest,M,Snowboarding (Slopestyle/Big Air),"Rocklin, CA",KCRA,"Rocklin, CA",KCRA,"Vail, CO",KUSA,,,Ski & Snowboard Club Vail,KUSA,,,,https://www.instagram.com/brooklyn_depriest/?hl=en,,
,,X,Jake Canter,M,Snowboarding (Slopestyle/Big Air),"Denver, CO ",KUSA,"Silverthorne, CO",KUSA,"Aspen, CO",KUSA,,,Aspen Valley Ski & Snowboard Club,KUSA,,,,https://www.instagram.com/jakecanterr/?hl=en,,
,,X,Dusty Henricksen,M,Snowboarding (Slopestyle/Big Air),"Big Bear Lake, CA",KNBC,"Mammoth Lakes, CA",KCRA,"Mammoth Lakes, CA",KCRA,,,Mammoth Mountain Snowboard Team,KCRA,2022,,,https://www.instagram.com/dustyhenricksen/,,
,,X,Red Gerard,M,Snowboarding (Slopestyle/Big Air),"Cleveland, OH",WKYC,"Silverthorne, CO",KUSA,"Silverthorne, CO",KUSA,,,,,"2018, 2022",1 gold,,https://www.instagram.com/redgerard/,,
,,X,Sean FitzSimons,M,Snowboarding (Slopestyle/Big Air),"Hood River, OR",KGW,"Hood River, OR",KGW,"Hood River, OR",KGW,,,,,2022,,,https://www.instagram.com/seanfitzsimons/,,
,,X,Lily Dhawornvej,F,Snowboarding (Slopestyle/Big Air),"Frisco, CO",KUSA,"Frisco, CO",KUSA,"Vail, CO",KUSA,,,Ski & Snowboard Club Vail,KUSA,,,,https://www.instagram.com/mslildice/?hl=en,,
,,X,Courtney Rummel,F,Snowboarding (Slopestyle/Big Air),"Mequon, WI",WTMJ,"West Bend, WI",WTMJ,"Park City, UT",KSL,,,,,2022,,,https://www.instagram.com/courtneyyrummel/,,
,,X,Hailey Langland,F,Snowboarding (Slopestyle/Big Air),"Irvine, CA",KNBC,"San Clemente, CA",WNBC,"San Clemente, CA",WNBC,,,Tahoe Select Snowboard Team,KCRA / KRNV,"2018, 2022",,,https://www.instagram.com/haileylangland/,,
,,X,Jamie Anderson,F,Snowboarding (Slopestyle/Big Air),"South Lake Tahoe, CA",KCRA / KRNV,"South Lake Tahoe, CA",KCRA / KRNV,"South Lake Tahoe, CA",KCRA / KRNV,,,Sierra at Tahoe Education Foundation,KCRA / KRNV,"2014, 2018, 2022","2 gold, 1 silver",https://x.com/jamieasnow,https://www.instagram.com/jamieanderson/,,
,,X,Julia Marino,F,Snowboarding (Slopestyle/Big Air),"Brooklyn, NY",WNBC,"Westport, CT",WNBC,"Breckenridge, CO",KUSA,,,,,"2018, 2022",1 silver,,https://www.instagram.com/_juliamarino/,,
,,X,Hagen Kearney,M,Snowboarding (Snowboard Cross),"Buffalo, NY",WGRZ,"Telluride, CO",KKCO,"Park City, UT",KSL,,,International Snowboard Training Center,KSL,"2018, 2022",,https://x.com/hagenkearney,https://www.instagram.com/hagenkearney/?hl=en,,
,,X,Jake Vedder,M,Snowboarding (Snowboard Cross),"Pinckney, MI",WDIV,"Pinckney, MI",WDIV,"Park City, UT",KSL,,,International Snowboard Training Center,KSL,2022,,,https://www.instagram.com/jake_vedder/,,
,,X,Nick Baumgartner,M,Snowboarding (Snowboard Cross),"Iron River, MI",WLUC,"Iron River, MI",WLUC,"Iron River, MI",WLUC,,,,,"2010, 2014, 2018",1 gold,https://x.com/nickbaumgartner,https://www.instagram.com/nickbaumgartner/,,
,,X,Faye Thelen (née Gulini),F,Snowboarding (Snowboard Cross),"Salt Lake City, UT",KSL,"Salt Lake City, UT",KSL,"Vail, CO",KUSA,Westminster College,KSL,Ski & Snowboard Club Vail,KUSA,"2010, 2014, 2018, 2022",,https://x.com/FayeGulini,https://www.instagram.com/fayegulini/,,
,,X,Meghan Tierney,F,Snowboarding (Snowboard Cross),"Long Branch, NJ",WNBC,"Eagle, CO",KUSA,"Eagle, CO",KUSA,,,International Snowboard Training Center Boardstars Race Team,KUSA,"2018, 2022",,,https://www.instagram.com/meghantierney/,,
,,X,Stacy Gaskill,F,Snowboarding (Snowboard Cross),"Golden, CO",KUSA,"Golden, CO",KUSA,"Golden, CO",KUSA,University of Colorado Boulder,KUSA,,,2022,,https://x.com/gaskill_stacy,https://www.instagram.com/stacy_gaskill/,,
,,X,Austin Kleba,M,Speed Skating,"Campton Hills, IL",WMAQ,"Campton Hills, IL",WMAQ,"Salt Lake City, UT",KSL,,,Glen Ellyn Speed Skating Club,WMAQ,2022,,https://x.com/austinkleba?lang=en,https://www.instagram.com/austinkleba/?hl=en,,
,,X,Casey Dawson,M,Speed Skating,"Park City, UT",KSL,"Park City, UT",KSL,"Salt Lake City, UT",KSL,University of Utah,KSL,Park City Speedskating Club,KSL,2022,1 bronze,,https://www.instagram.com/caseydawson11/?hl=en,,
,,X,Emery Lehman,M,Speed Skating,"Chicago, IL",WMAQ,"Oak Park, IL",WMAQ,"Oak Park, IL",WMAQ,Marquette University,WTMJ,Franklin Park Speedskating Club,WMAQ,"2014, 2018, 2022",1 bronze,https://x.com/TheEmeryLehman,https://www.instagram.com/emerylehman/,,
,,X,Ethan Cepuran,M,Speed Skating,"Glen Ellyn, IL",WMAQ,"Glen Ellyn, IL",WMAQ,"Glen Ellyn, IL",WMAQ,University of Utah,,Glen Ellyn Speed Skating Club,WMAQ,2022,1 bronze,https://x.com/ecepuran?lang=en,https://www.instagram.com/ethancep11/?hl=en,,
,,X,Joey Mantia,M,Speed Skating,"Ocala, FL",WESH,"Ocala, FL",WESH,"Salt Lake City, UT",KSL,,,,,"2014, 2018, 2022",1 bronze,https://x.com/jrmantia,https://www.instagram.com/joeymantia/,,
,,X,Jordan Stolz,M,Speed Skating,"West Bend, WI",WTMJ,"Kewaskum, WI",WTMJ,"Kewaskum, WI",WTMJ,,,Badger Speed Skating Club,WTMJ,2022,,,https://www.instagram.com/stolz_jordan_/,,
,,X,Brittany Bowe,F,Speed Skating,"Ocala, FL",WESH,"Ocala, FL",WESH,"Salt Lake City, UT",KSL,Florida Atlantic University,WPTV,,,"2014, 2018, 2022",2 bronze,https://x.com/brittanybowe,https://www.instagram.com/brittanybowe/?hl=en,,
,,X,Erin Jackson,F,Speed Skating,"Ocala, FL",WESH,"Ocala, FL",WESH,"Salt Lake City, UT",KSL,University of Florida,WNBW,Ocala Speed,WESH,"2018, 2022",1 gold,https://x.com/erinjackson480,https://www.instagram.com/speedyj/,,
,,X,Giorgia Birkeland,F,Speed Skating,"White Bear Lake, MN",KARE,"White Bear Lake, MN",KARE,"Salt Lake City, UT",KSL,Salt Lake Community College,KSL,Midway Speedskating Club,,2022,,,https://www.instagram.com/birkeland.giorgia/?hl=en,,
,,X,Kimi Goetz,F,Speed Skating,"Flemington, NJ",WNBC,"Flemington, NJ",WNBC,"Salt Lake City, UT",KSL,Dartmouth College,WPTZ,,,2022,,,https://www.instagram.com/kimigoetz/?hl=en,,
,,X,Mia Manganello Kilburg,F,Speed Skating,"Crestview, FL",WJHG,"Crestview, FL",WJHG,"Salt Lake City, UT",KSL,,,,,"2018, 2022",1 bronze,,https://www.instagram.com/mnmango89/?hl=en,,